[{"model": "contenttypes.contenttype", "pk": 1, "fields": {"app_label": "university", "model": "evalution"}}, {"model": "contenttypes.contenttype", "pk": 2, "fields": {"app_label": "university", "model": "students"}}, {"model": "contenttypes.contenttype", "pk": 3, "fields": {"app_label": "university", "model": "subject"}}, {"model": "contenttypes.contenttype", "pk": 4, "fields": {"app_label": "university", "model": "cource"}}, {"model": "contenttypes.contenttype", "pk": 5, "fields": {"app_label": "university", "model": "department"}}, {"model": "contenttypes.contenttype", "pk": 6, "fields": {"app_label": "university", "model": "teacher"}}, {"model": "contenttypes.contenttype", "pk": 7, "fields": {"app_label": "university", "model": "group"}}, {"model": "contenttypes.contenttype", "pk": 8, "fields": {"app_label": "admin", "model": "logentry"}}, {"model": "contenttypes.contenttype", "pk": 9, "fields": {"app_label": "auth", "model": "group"}}, {"model": "contenttypes.contenttype", "pk": 10, "fields": {"app_label": "auth", "model": "permission"}}, {"model": "contenttypes.contenttype", "pk": 11, "fields": {"app_label": "auth", "model": "user"}}, {"model": "contenttypes.contenttype", "pk": 12, "fields": {"app_label": "contenttypes", "model": "contenttype"}}, {"model": "contenttypes.contenttype", "pk": 13, "fields": {"app_label": "sessions", "model": "session"}}, {"model": "contenttypes.contenttype", "pk": 14, "fields": {"app_label": "registration", "model": "registrationprofile"}}, {"model": "contenttypes.contenttype", "pk": 15, "fields": {"app_label": "easy_thumbnails", "model": "thumbnaildimensions"}}, {"model": "contenttypes.contenttype", "pk": 16, "fields": {"app_label": "easy_thumbnails", "model": "thumbnail"}}, {"model": "contenttypes.contenttype", "pk": 17, "fields": {"app_label": "easy_thumbnails", "model": "source"}}, {"model": "sessions.session", "pk": "1uftso08nz13af69t6nhxhvkrdnwamam", "fields": {"session_data": "NGQxYzFiY2M5YzIwMTZjMTM1NGNlNDU2YzRkYjE3OTYzMTM0NjJkYzp7Il9hdXRoX3VzZXJfaGFzaCI6IjBlNzI1ODlmMGFjMjc5OGE2OWRlMzk5Yjc5MzI1MmFlZmE4NzNmMzkiLCJfYXV0aF91c2VyX2JhY2tlbmQiOiJkamFuZ28uY29udHJpYi5hdXRoLmJhY2tlbmRzLk1vZGVsQmFja2VuZCIsIl9hdXRoX3VzZXJfaWQiOiIxIn0=", "expire_date": "2018-02-16T09:20:23.136Z"}}, {"model": "sessions.session", "pk": "4ce3cj8foa7lfzq9lyuwzoca342djj5m", "fields": {"session_data": "NGQxYzFiY2M5YzIwMTZjMTM1NGNlNDU2YzRkYjE3OTYzMTM0NjJkYzp7Il9hdXRoX3VzZXJfaGFzaCI6IjBlNzI1ODlmMGFjMjc5OGE2OWRlMzk5Yjc5MzI1MmFlZmE4NzNmMzkiLCJfYXV0aF91c2VyX2JhY2tlbmQiOiJkamFuZ28uY29udHJpYi5hdXRoLmJhY2tlbmRzLk1vZGVsQmFja2VuZCIsIl9hdXRoX3VzZXJfaWQiOiIxIn0=", "expire_date": "2018-02-13T13:32:09.610Z"}}, {"model": "sessions.session", "pk": "67js2j0abyyhixf7ip2gz1p9v2k52as5", "fields": {"session_data": "NGQxYzFiY2M5YzIwMTZjMTM1NGNlNDU2YzRkYjE3OTYzMTM0NjJkYzp7Il9hdXRoX3VzZXJfaGFzaCI6IjBlNzI1ODlmMGFjMjc5OGE2OWRlMzk5Yjc5MzI1MmFlZmE4NzNmMzkiLCJfYXV0aF91c2VyX2JhY2tlbmQiOiJkamFuZ28uY29udHJpYi5hdXRoLmJhY2tlbmRzLk1vZGVsQmFja2VuZCIsIl9hdXRoX3VzZXJfaWQiOiIxIn0=", "expire_date": "2017-11-17T11:29:29.127Z"}}, {"model": "sessions.session", "pk": "6w452s2r4x12c14e6jxrrrrqfbvmkoec", "fields": {"session_data": "NGQxYzFiY2M5YzIwMTZjMTM1NGNlNDU2YzRkYjE3OTYzMTM0NjJkYzp7Il9hdXRoX3VzZXJfaGFzaCI6IjBlNzI1ODlmMGFjMjc5OGE2OWRlMzk5Yjc5MzI1MmFlZmE4NzNmMzkiLCJfYXV0aF91c2VyX2JhY2tlbmQiOiJkamFuZ28uY29udHJpYi5hdXRoLmJhY2tlbmRzLk1vZGVsQmFja2VuZCIsIl9hdXRoX3VzZXJfaWQiOiIxIn0=", "expire_date": "2018-02-15T20:47:02.072Z"}}, {"model": "sessions.session", "pk": "9aj3dpw05hls0gwx0qmae0il0uppvmdx", "fields": {"session_data": "NGQxYzFiY2M5YzIwMTZjMTM1NGNlNDU2YzRkYjE3OTYzMTM0NjJkYzp7Il9hdXRoX3VzZXJfaGFzaCI6IjBlNzI1ODlmMGFjMjc5OGE2OWRlMzk5Yjc5MzI1MmFlZmE4NzNmMzkiLCJfYXV0aF91c2VyX2JhY2tlbmQiOiJkamFuZ28uY29udHJpYi5hdXRoLmJhY2tlbmRzLk1vZGVsQmFja2VuZCIsIl9hdXRoX3VzZXJfaWQiOiIxIn0=", "expire_date": "2018-01-15T14:55:39.806Z"}}, {"model": "sessions.session", "pk": "b3dujexwfybkqo1wu62jk8rk1g6prpm8", "fields": {"session_data": "NGQxYzFiY2M5YzIwMTZjMTM1NGNlNDU2YzRkYjE3OTYzMTM0NjJkYzp7Il9hdXRoX3VzZXJfaGFzaCI6IjBlNzI1ODlmMGFjMjc5OGE2OWRlMzk5Yjc5MzI1MmFlZmE4NzNmMzkiLCJfYXV0aF91c2VyX2JhY2tlbmQiOiJkamFuZ28uY29udHJpYi5hdXRoLmJhY2tlbmRzLk1vZGVsQmFja2VuZCIsIl9hdXRoX3VzZXJfaWQiOiIxIn0=", "expire_date": "2018-01-31T19:23:54.421Z"}}, {"model": "sessions.session", "pk": "buopibdupsd41jkcqbrxxm8wc6qqak3k", "fields": {"session_data": "NGQxYzFiY2M5YzIwMTZjMTM1NGNlNDU2YzRkYjE3OTYzMTM0NjJkYzp7Il9hdXRoX3VzZXJfaGFzaCI6IjBlNzI1ODlmMGFjMjc5OGE2OWRlMzk5Yjc5MzI1MmFlZmE4NzNmMzkiLCJfYXV0aF91c2VyX2JhY2tlbmQiOiJkamFuZ28uY29udHJpYi5hdXRoLmJhY2tlbmRzLk1vZGVsQmFja2VuZCIsIl9hdXRoX3VzZXJfaWQiOiIxIn0=", "expire_date": "2017-11-14T18:09:21.064Z"}}, {"model": "sessions.session", "pk": "d7zqvtq5o9ybvqnb94njrvppwjhq1l76", "fields": {"session_data": "NGQxYzFiY2M5YzIwMTZjMTM1NGNlNDU2YzRkYjE3OTYzMTM0NjJkYzp7Il9hdXRoX3VzZXJfaGFzaCI6IjBlNzI1ODlmMGFjMjc5OGE2OWRlMzk5Yjc5MzI1MmFlZmE4NzNmMzkiLCJfYXV0aF91c2VyX2JhY2tlbmQiOiJkamFuZ28uY29udHJpYi5hdXRoLmJhY2tlbmRzLk1vZGVsQmFja2VuZCIsIl9hdXRoX3VzZXJfaWQiOiIxIn0=", "expire_date": "2017-10-17T13:17:20.024Z"}}, {"model": "sessions.session", "pk": "e50vicb49i9icl7e26lwiher2pzwx8p7", "fields": {"session_data": "NGQxYzFiY2M5YzIwMTZjMTM1NGNlNDU2YzRkYjE3OTYzMTM0NjJkYzp7Il9hdXRoX3VzZXJfaGFzaCI6IjBlNzI1ODlmMGFjMjc5OGE2OWRlMzk5Yjc5MzI1MmFlZmE4NzNmMzkiLCJfYXV0aF91c2VyX2JhY2tlbmQiOiJkamFuZ28uY29udHJpYi5hdXRoLmJhY2tlbmRzLk1vZGVsQmFja2VuZCIsIl9hdXRoX3VzZXJfaWQiOiIxIn0=", "expire_date": "2017-11-16T08:57:18.495Z"}}, {"model": "sessions.session", "pk": "g753ggs9rvka2gh6glalv66j9vkrsm75", "fields": {"session_data": "NGQxYzFiY2M5YzIwMTZjMTM1NGNlNDU2YzRkYjE3OTYzMTM0NjJkYzp7Il9hdXRoX3VzZXJfaGFzaCI6IjBlNzI1ODlmMGFjMjc5OGE2OWRlMzk5Yjc5MzI1MmFlZmE4NzNmMzkiLCJfYXV0aF91c2VyX2JhY2tlbmQiOiJkamFuZ28uY29udHJpYi5hdXRoLmJhY2tlbmRzLk1vZGVsQmFja2VuZCIsIl9hdXRoX3VzZXJfaWQiOiIxIn0=", "expire_date": "2017-11-28T12:06:52.409Z"}}, {"model": "sessions.session", "pk": "kx5cyg2jc8xbe5b7f1rbuo2cg2uq88li", "fields": {"session_data": "NGQxYzFiY2M5YzIwMTZjMTM1NGNlNDU2YzRkYjE3OTYzMTM0NjJkYzp7Il9hdXRoX3VzZXJfaGFzaCI6IjBlNzI1ODlmMGFjMjc5OGE2OWRlMzk5Yjc5MzI1MmFlZmE4NzNmMzkiLCJfYXV0aF91c2VyX2JhY2tlbmQiOiJkamFuZ28uY29udHJpYi5hdXRoLmJhY2tlbmRzLk1vZGVsQmFja2VuZCIsIl9hdXRoX3VzZXJfaWQiOiIxIn0=", "expire_date": "2018-02-16T18:32:14.318Z"}}, {"model": "sessions.session", "pk": "l8lxe212zhvhtd0gyp52oqyb7790vvgb", "fields": {"session_data": "NGQxYzFiY2M5YzIwMTZjMTM1NGNlNDU2YzRkYjE3OTYzMTM0NjJkYzp7Il9hdXRoX3VzZXJfaGFzaCI6IjBlNzI1ODlmMGFjMjc5OGE2OWRlMzk5Yjc5MzI1MmFlZmE4NzNmMzkiLCJfYXV0aF91c2VyX2JhY2tlbmQiOiJkamFuZ28uY29udHJpYi5hdXRoLmJhY2tlbmRzLk1vZGVsQmFja2VuZCIsIl9hdXRoX3VzZXJfaWQiOiIxIn0=", "expire_date": "2017-09-30T20:23:27.386Z"}}, {"model": "sessions.session", "pk": "mkouq1q9mi5nktn8mrvw5viber58bjb7", "fields": {"session_data": "NGQxYzFiY2M5YzIwMTZjMTM1NGNlNDU2YzRkYjE3OTYzMTM0NjJkYzp7Il9hdXRoX3VzZXJfaGFzaCI6IjBlNzI1ODlmMGFjMjc5OGE2OWRlMzk5Yjc5MzI1MmFlZmE4NzNmMzkiLCJfYXV0aF91c2VyX2JhY2tlbmQiOiJkamFuZ28uY29udHJpYi5hdXRoLmJhY2tlbmRzLk1vZGVsQmFja2VuZCIsIl9hdXRoX3VzZXJfaWQiOiIxIn0=", "expire_date": "2018-01-13T01:31:07.512Z"}}, {"model": "sessions.session", "pk": "mmh38kpfqug2xyl8h8wxumf1fmfdz78l", "fields": {"session_data": "NGQxYzFiY2M5YzIwMTZjMTM1NGNlNDU2YzRkYjE3OTYzMTM0NjJkYzp7Il9hdXRoX3VzZXJfaGFzaCI6IjBlNzI1ODlmMGFjMjc5OGE2OWRlMzk5Yjc5MzI1MmFlZmE4NzNmMzkiLCJfYXV0aF91c2VyX2JhY2tlbmQiOiJkamFuZ28uY29udHJpYi5hdXRoLmJhY2tlbmRzLk1vZGVsQmFja2VuZCIsIl9hdXRoX3VzZXJfaWQiOiIxIn0=", "expire_date": "2018-01-30T13:35:32.784Z"}}, {"model": "sessions.session", "pk": "sp5ognr7wmn7d9sgreceb2csihksihd9", "fields": {"session_data": "NGQxYzFiY2M5YzIwMTZjMTM1NGNlNDU2YzRkYjE3OTYzMTM0NjJkYzp7Il9hdXRoX3VzZXJfaGFzaCI6IjBlNzI1ODlmMGFjMjc5OGE2OWRlMzk5Yjc5MzI1MmFlZmE4NzNmMzkiLCJfYXV0aF91c2VyX2JhY2tlbmQiOiJkamFuZ28uY29udHJpYi5hdXRoLmJhY2tlbmRzLk1vZGVsQmFja2VuZCIsIl9hdXRoX3VzZXJfaWQiOiIxIn0=", "expire_date": "2017-10-31T16:53:53.635Z"}}, {"model": "sessions.session", "pk": "t4vqtenmg1ejs5guo12834muvprclvmc", "fields": {"session_data": "NGQxYzFiY2M5YzIwMTZjMTM1NGNlNDU2YzRkYjE3OTYzMTM0NjJkYzp7Il9hdXRoX3VzZXJfaGFzaCI6IjBlNzI1ODlmMGFjMjc5OGE2OWRlMzk5Yjc5MzI1MmFlZmE4NzNmMzkiLCJfYXV0aF91c2VyX2JhY2tlbmQiOiJkamFuZ28uY29udHJpYi5hdXRoLmJhY2tlbmRzLk1vZGVsQmFja2VuZCIsIl9hdXRoX3VzZXJfaWQiOiIxIn0=", "expire_date": "2017-12-12T16:25:55.197Z"}}, {"model": "sessions.session", "pk": "tqyu2e92gyi0nwei7ncxzonuxeinki6k", "fields": {"session_data": "NGQxYzFiY2M5YzIwMTZjMTM1NGNlNDU2YzRkYjE3OTYzMTM0NjJkYzp7Il9hdXRoX3VzZXJfaGFzaCI6IjBlNzI1ODlmMGFjMjc5OGE2OWRlMzk5Yjc5MzI1MmFlZmE4NzNmMzkiLCJfYXV0aF91c2VyX2JhY2tlbmQiOiJkamFuZ28uY29udHJpYi5hdXRoLmJhY2tlbmRzLk1vZGVsQmFja2VuZCIsIl9hdXRoX3VzZXJfaWQiOiIxIn0=", "expire_date": "2018-02-15T14:22:07.564Z"}}, {"model": "sessions.session", "pk": "ud3x0fgrqgnpn6z6fp2qvu0p858lkv07", "fields": {"session_data": "NGQxYzFiY2M5YzIwMTZjMTM1NGNlNDU2YzRkYjE3OTYzMTM0NjJkYzp7Il9hdXRoX3VzZXJfaGFzaCI6IjBlNzI1ODlmMGFjMjc5OGE2OWRlMzk5Yjc5MzI1MmFlZmE4NzNmMzkiLCJfYXV0aF91c2VyX2JhY2tlbmQiOiJkamFuZ28uY29udHJpYi5hdXRoLmJhY2tlbmRzLk1vZGVsQmFja2VuZCIsIl9hdXRoX3VzZXJfaWQiOiIxIn0=", "expire_date": "2017-12-18T17:06:13.058Z"}}, {"model": "sessions.session", "pk": "y8ffw7x85tir2jcotxvvkidvsieytfxd", "fields": {"session_data": "NGQxYzFiY2M5YzIwMTZjMTM1NGNlNDU2YzRkYjE3OTYzMTM0NjJkYzp7Il9hdXRoX3VzZXJfaGFzaCI6IjBlNzI1ODlmMGFjMjc5OGE2OWRlMzk5Yjc5MzI1MmFlZmE4NzNmMzkiLCJfYXV0aF91c2VyX2JhY2tlbmQiOiJkamFuZ28uY29udHJpYi5hdXRoLmJhY2tlbmRzLk1vZGVsQmFja2VuZCIsIl9hdXRoX3VzZXJfaWQiOiIxIn0=", "expire_date": "2018-01-15T14:53:52.367Z"}}, {"model": "sessions.session", "pk": "yikzec8kgsyp7kzfmmrz2576rqjksoeu", "fields": {"session_data": "NGQxYzFiY2M5YzIwMTZjMTM1NGNlNDU2YzRkYjE3OTYzMTM0NjJkYzp7Il9hdXRoX3VzZXJfaGFzaCI6IjBlNzI1ODlmMGFjMjc5OGE2OWRlMzk5Yjc5MzI1MmFlZmE4NzNmMzkiLCJfYXV0aF91c2VyX2JhY2tlbmQiOiJkamFuZ28uY29udHJpYi5hdXRoLmJhY2tlbmRzLk1vZGVsQmFja2VuZCIsIl9hdXRoX3VzZXJfaWQiOiIxIn0=", "expire_date": "2018-02-16T18:30:01.409Z"}}, {"model": "university.department", "pk": 1, "fields": {"faculty": "\u0423\u041f\u041f"}}, {"model": "university.department", "pk": 3, "fields": {"faculty": "\u0410\u0422\u0421"}}, {"model": "university.department", "pk": 4, "fields": {"faculty": "\u041c\u0435\u0445\u0430\u043d\u0438\u043a\u043e-\u044d\u043d\u0435\u0440\u0433\u0435\u0442\u0438\u0447\u0435\u0441\u043a\u0438\u0439"}}, {"model": "university.department", "pk": 5, "fields": {"faculty": "\u0421\u0442\u0440\u043e\u0438\u0442\u0435\u043b\u044c\u043d\u044b\u0439"}}, {"model": "university.department", "pk": 6, "fields": {"faculty": "\u042d\u043a\u043e\u043d\u043e\u043c\u0438\u0447\u0435\u0441\u043a\u0438\u0439"}}, {"model": "university.cource", "pk": 1, "fields": {"path": "1"}}, {"model": "university.cource", "pk": 2, "fields": {"path": "2"}}, {"model": "university.cource", "pk": 3, "fields": {"path": "3"}}, {"model": "university.cource", "pk": 4, "fields": {"path": "4"}}, {"model": "university.cource", "pk": 5, "fields": {"path": "5"}}, {"model": "university.group", "pk": 1, "fields": {"party": "15-3-\u041e\u041f\u0423\u0422"}}, {"model": "university.group", "pk": 2, "fields": {"party": "14-3-\u041e\u041f\u0423\u0422"}}, {"model": "university.group", "pk": 3, "fields": {"party": "13-3-\u041e\u041f\u0423\u0422"}}, {"model": "university.group", "pk": 4, "fields": {"party": "16-3-\u041e\u041f\u0423\u0422"}}, {"model": "university.group", "pk": 5, "fields": {"party": "214\u0423"}}, {"model": "university.group", "pk": 6, "fields": {"party": "135\u0423"}}, {"model": "university.group", "pk": 7, "fields": {"party": "233\u0423"}}, {"model": "university.group", "pk": 8, "fields": {"party": "112\u0423"}}, {"model": "university.group", "pk": 9, "fields": {"party": "213\u0423"}}, {"model": "university.group", "pk": 10, "fields": {"party": "2\u0410"}}, {"model": "university.group", "pk": 11, "fields": {"party": "3\u0410"}}, {"model": "university.group", "pk": 12, "fields": {"party": "4\u0410"}}, {"model": "university.group", "pk": 13, "fields": {"party": "5\u0410"}}, {"model": "university.group", "pk": 14, "fields": {"party": "6\u0410"}}, {"model": "university.group", "pk": 15, "fields": {"party": "11\u041c"}}, {"model": "university.group", "pk": 16, "fields": {"party": "23\u041c"}}, {"model": "university.group", "pk": 17, "fields": {"party": "42\u041c"}}, {"model": "university.group", "pk": 18, "fields": {"party": "21\u041c"}}, {"model": "university.group", "pk": 19, "fields": {"party": "16\u041c"}}, {"model": "university.subject", "pk": 1, "fields": {"matter": "\u0422\u0435\u043e\u0440\u0438\u044f \u0432\u0435\u0440\u043e\u044f\u0442\u043d\u043e\u0441\u0442\u0438"}}, {"model": "university.subject", "pk": 2, "fields": {"matter": "\u041c\u0430\u0442\u0435\u043c\u0430\u0442\u0438\u0447\u0435\u0441\u043a\u0430\u044f \u0441\u0442\u0430\u0442\u0438\u0441\u0442\u0438\u043a\u0430"}}, {"model": "university.subject", "pk": 3, "fields": {"matter": "\u0412\u0430\u043d\u0442\u0430\u0436\u043d\u044b\u0435 \u043f\u0435\u0440\u0435\u0432\u043e\u0437\u043a\u0438"}}, {"model": "university.subject", "pk": 4, "fields": {"matter": "\u041b\u043e\u0433\u0438\u0441\u0442\u0438\u043a\u0430"}}, {"model": "university.subject", "pk": 5, "fields": {"matter": "\u0421\u0442\u0430\u043d\u0446\u0438\u0438 \u0438 \u0443\u0437\u043b\u044b"}}, {"model": "university.subject", "pk": 6, "fields": {"matter": "\u041e\u0441\u043d\u043e\u0432\u044b \u0442\u0440\u0430\u043d\u0441\u043f\u043e\u0440\u0442\u043d\u044b\u0445 \u0441\u0438\u0441\u0442\u0435\u043c"}}, {"model": "university.subject", "pk": 7, "fields": {"matter": "\u0423\u0415\u0420"}}, {"model": "university.subject", "pk": 8, "fields": {"matter": "\u0412\u044b\u0441\u0448\u0430\u044f \u043c\u0430\u0442\u0435\u043c\u0430\u0442\u0438\u043a\u0430"}}, {"model": "university.subject", "pk": 9, "fields": {"matter": "\u0410\u0422\u0417"}}, {"model": "university.subject", "pk": 10, "fields": {"matter": "\u042d\u043a\u043e\u043d\u043e\u043c\u0438\u043a\u0430 \u0442\u0440\u0430\u043d\u0441\u043f\u043e\u0440\u0442\u043d\u044b\u0445 \u0441\u0438\u0441\u0442\u0435\u043c"}}, {"model": "university.subject", "pk": 11, "fields": {"matter": "\u0413\u0435\u043e\u0434\u0435\u0437\u0438\u044f"}}, {"model": "university.subject", "pk": 12, "fields": {"matter": "\u041e\u0422\u0422\u0421"}}, {"model": "university.subject", "pk": 13, "fields": {"matter": "\u042d\u043a\u043e\u043d\u043e\u043c\u0438\u0447\u0435\u0441\u043a\u0430\u044f \u0442\u0435\u043e\u0440\u0438\u044f"}}, {"model": "university.subject", "pk": 14, "fields": {"matter": "\u041e\u0445\u0440\u0430\u043d\u0430 \u0442\u0440\u0443\u0434\u0430"}}, {"model": "university.subject", "pk": 15, "fields": {"matter": "\u0410\u043d\u0433\u043b\u0438\u0439\u0441\u043a\u0438\u0439 \u044f\u0437\u044b\u043a"}}, {"model": "university.subject", "pk": 16, "fields": {"matter": "\u041d\u0430\u0447\u0435\u0440\u0442\u0430\u0442\u0435\u043b\u044c\u043d\u0430\u044f  \u0433\u0435\u043e\u043c\u0435\u0442\u0440\u0438\u044f"}}, {"model": "university.teacher", "pk": 8, "fields": {"name": "\u041d\u0430\u0442\u0430\u043b\u0438\u044f", "surname": "\u041f\u0430\u043d\u0447\u0435\u043d\u043a\u043e", "department": [1, 4, 5], "cource": [1, 2, 5], "group": [1, 2, 7, 8, 9], "subject": [1, 2, 8]}}, {"model": "university.teacher", "pk": 9, "fields": {"name": "\u0410\u043b\u0435\u043a\u0441\u0430\u043d\u0434\u0440", "surname": "\u041b\u0430\u0437\u0430\u0440\u0435\u0432", "department": [1, 3], "cource": [3, 4], "group": [1, 2, 3], "subject": [9]}}, {"model": "university.teacher", "pk": 11, "fields": {"name": "\u0410\u043b\u0435\u043a\u0441\u0430\u043d\u0434\u0440", "surname": "\u041a\u043e\u043d\u0441\u0442\u0430\u043d\u0442\u0438\u043d\u043e\u0432", "department": [1, 4, 5], "cource": [3, 4], "group": [2, 3, 8, 9], "subject": [3, 6]}}, {"model": "university.teacher", "pk": 12, "fields": {"name": "\u041e\u043b\u0435\u0433", "surname": "\u0428\u0430\u043d\u0434\u0435\u0440", "department": [1, 3], "cource": [3, 4], "group": [5, 6, 7], "subject": [2, 4, 6]}}, {"model": "university.teacher", "pk": 13, "fields": {"name": "\u0421\u0432\u0435\u0442\u043b\u0430\u043d\u0430", "surname": "\u0411\u0430\u043d\u0442\u044e\u043a\u043e\u0432\u0430", "department": [3, 4], "cource": [3, 4], "group": [3, 4], "subject": [2, 3, 4]}}, {"model": "university.teacher", "pk": 14, "fields": {"name": "\u042f\u0440\u043e\u0441\u043b\u0430\u0432", "surname": "\u0417\u0438\u043d\u043e\u0432\u044c\u0435\u0432", "department": [3, 5], "cource": [1], "group": [11, 12, 13], "subject": [8]}}, {"model": "university.teacher", "pk": 15, "fields": {"name": "\u0420\u0443\u0441\u043b\u0430\u043d", "surname": "\u041a\u043b\u043e\u043b\u043e\u0431\u043e\u0432", "department": [6], "cource": [3, 4], "group": [6, 9, 11, 12], "subject": [10]}}, {"model": "university.teacher", "pk": 16, "fields": {"name": "\u041c\u0438\u0445\u0430\u0438\u043b", "surname": "\u0411\u0435\u043b\u044f\u043a\u043e\u0432", "department": [1, 4], "cource": [2, 3], "group": [15, 16, 17], "subject": [3, 4]}}, {"model": "university.teacher", "pk": 17, "fields": {"name": "\u0412\u0438\u0442\u0430\u043b\u0438\u0439", "surname": "\u0412\u0438\u0448\u043d\u044f\u043a\u043e\u0432", "department": [4, 5], "cource": [1, 2], "group": [6, 8, 9, 12, 13], "subject": [11]}}, {"model": "university.teacher", "pk": 18, "fields": {"name": "\u0410\u043b\u0435\u043a\u0441\u0430\u043d\u0434\u0440", "surname": "\u041c\u0430\u0440\u043a\u043e\u0432", "department": [1], "cource": [3, 5], "group": [2, 3, 4, 17, 18], "subject": [3, 5]}}, {"model": "university.teacher", "pk": 19, "fields": {"name": "\u0410\u043b\u0435\u043a\u0441\u0435\u0439", "surname": "\u0418\u0441\u0430\u0435\u0432", "department": [3, 4], "cource": [1, 2], "group": [10, 11, 13], "subject": [4, 5]}}, {"model": "university.teacher", "pk": 20, "fields": {"name": "\u0410\u043d\u0434\u0440\u0435\u0439", "surname": "\u0423\u0441\u0442\u0438\u0432\u043e\u0432", "department": [5], "cource": [2], "group": [17, 18, 19], "subject": [11]}}, {"model": "university.teacher", "pk": 21, "fields": {"name": "\u0421\u0442\u0430\u043d\u0438\u0441\u043b\u0430\u0432", "surname": "\u041a\u0440\u0430\u0441\u0438\u043b\u044c\u043d\u0438\u043a\u043e\u0432", "department": [4, 6], "cource": [2, 3], "group": [6, 7, 8], "subject": [7, 9]}}, {"model": "university.teacher", "pk": 22, "fields": {"name": "\u041d\u0438\u043a\u043e\u043b\u0430\u0439", "surname": "\u041a\u043e\u0432\u0430\u043b\u0451\u0432", "department": [3, 4, 5], "cource": [3, 4, 5], "group": [2, 3, 4, 12, 13], "subject": [4, 5, 6]}}, {"model": "university.teacher", "pk": 23, "fields": {"name": "\u0412\u043b\u0430\u0434\u0438\u043c\u0438\u0440", "surname": "\u0428\u0430\u0440\u0430\u0442\u043e\u0432", "department": [1, 6], "cource": [4, 5], "group": [7, 8, 9], "subject": [8, 10]}}, {"model": "university.teacher", "pk": 24, "fields": {"name": "\u0415\u0432\u0433\u0435\u043d\u0438\u0439", "surname": "\u0424\u0438\u043b\u0430\u0442\u043e\u0432", "department": [1, 4, 5], "cource": [2, 3], "group": [2, 3, 4], "subject": [7, 9]}}, {"model": "university.teacher", "pk": 25, "fields": {"name": "\u0410\u043d\u0442\u043e\u043d", "surname": "\u0413\u0443\u0449\u0438\u043d", "department": [4, 5], "cource": [3, 4], "group": [7, 8, 9, 14, 16, 17], "subject": [11]}}, {"model": "university.teacher", "pk": 26, "fields": {"name": "\u041a\u0438\u0440\u0438\u043b\u043b", "surname": "\u041a\u0440\u0430\u0441\u0438\u043b\u044c\u043d\u0438\u043a\u043e\u0432", "department": [1, 6], "cource": [4, 5], "group": [5, 6, 7, 17, 18, 19], "subject": [8, 10]}}, {"model": "university.teacher", "pk": 27, "fields": {"name": "\u0412\u0430\u043b\u0435\u0440\u0438\u0439", "surname": "\u0421\u0430\u0444\u043e\u043d\u043e\u0432", "department": [3, 5], "cource": [5], "group": [6, 7, 8, 9], "subject": [3, 4, 5]}}, {"model": "university.teacher", "pk": 28, "fields": {"name": "\u0421\u0435\u043c\u0451\u043d", "surname": "\u0423\u0441\u0442\u0438\u043d\u043e\u0432", "department": [1, 3, 6], "cource": [1, 3], "group": [1, 2, 3, 5, 6], "subject": [7, 9, 11]}}, {"model": "university.teacher", "pk": 29, "fields": {"name": "\u0410\u043b\u0435\u043a\u0441\u0430\u043d\u0434\u0440", "surname": "\u0428\u0430\u0440\u043e\u0432", "department": [3, 4], "cource": [3, 5], "group": [2, 3, 5], "subject": [1, 4, 5]}}, {"model": "university.students", "pk": 393, "fields": {"name": "\u0420\u0443\u0441\u043b\u0430\u043d", "surname": "\u041b\u0435\u0432\u0435\u043d\u0446\u043e\u0432", "photo": "photo_student/nutriia-priroda-fon.jpg", "department": 1, "cource": 3, "group": 1}}, {"model": "university.students", "pk": 395, "fields": {"name": "\u041d\u0438\u043a\u0438\u0442\u0430", "surname": "\u0414\u0430\u0432\u0438\u0434\u0435\u043d\u043a\u043e", "photo": "photo_student/nutriia-priroda-fon_G4thMxy.jpg", "department": 1, "cource": 3, "group": 1}}, {"model": "university.students", "pk": 396, "fields": {"name": "\u0418\u043d\u043d\u0430", "surname": "\u041c\u0438\u0449\u0435\u043d\u043a\u043e", "photo": "photo_student/nutriia-priroda-fon_WUO59oC.jpg", "department": 3, "cource": 1, "group": 10}}, {"model": "university.students", "pk": 397, "fields": {"name": "\u041e\u043b\u0435\u0433", "surname": "\u041f\u0440\u0438\u043b\u0435\u043f\u0430", "photo": "photo_student/nutriia-priroda-fon_WHjBDMS.jpg", "department": 3, "cource": 1, "group": 10}}, {"model": "university.students", "pk": 398, "fields": {"name": "\u0422\u0430\u0442\u044c\u044f\u043d\u0430", "surname": "\u0421\u043e\u043c\u043e\u0432\u0430", "photo": "photo_student/nutriia-priroda-fon_v6yWmJY.jpg", "department": 5, "cource": 4, "group": 5}}, {"model": "university.students", "pk": 399, "fields": {"name": "\u041c\u0430\u0440\u0438\u044f", "surname": "\u0418\u0441\u0430\u0447\u0435\u043d\u043a\u043e", "photo": "photo_student/nutriia-priroda-fon_LZRHt5o.jpg", "department": 1, "cource": 2, "group": 2}}, {"model": "university.students", "pk": 400, "fields": {"name": "\u0420\u043e\u043c\u0430", "surname": "\u0420\u0443\u0434\u0435\u043d\u043a\u043e", "photo": "photo_student/nutriia-priroda-fon_A9WPv41.jpg", "department": 3, "cource": 2, "group": 13}}, {"model": "university.students", "pk": 401, "fields": {"name": "\u0412\u0430\u043b\u0435\u0440\u0438\u0439", "surname": "\u0413\u0443\u0436\u0432\u0430", "photo": "photo_student/nutriia-priroda-fon_jq0yTlk.jpg", "department": 6, "cource": 4, "group": 16}}, {"model": "university.students", "pk": 403, "fields": {"name": "\u0410\u043b\u0435\u043a\u0441\u0435\u0439", "surname": "\u041a\u0430\u0440\u043f\u0435\u043d\u043a\u043e", "photo": "photo_student/nutriia-priroda-fon_iCXrXQw.jpg", "department": 1, "cource": 4, "group": 2}}, {"model": "university.students", "pk": 404, "fields": {"name": "\u0414\u0438\u043c\u0430", "surname": "\u0421\u0430\u043c\u043e\u0439\u043b\u0435\u043d\u043a\u043e", "photo": "photo_student/nutriia-priroda-fon_c7DSkow.jpg", "department": 4, "cource": 1, "group": 9}}, {"model": "university.students", "pk": 405, "fields": {"name": "\u0412\u043b\u0430\u0434", "surname": "\u041e\u0440\u0435\u0445\u043e\u0432\u0441\u043a\u0438\u0439", "photo": "photo_student/nutriia-priroda-fon_TkZwT6C.jpg", "department": 6, "cource": 3, "group": 1}}, {"model": "university.students", "pk": 406, "fields": {"name": "\u0415\u043a\u0430\u0442\u0438\u0440\u0438\u043d\u0430", "surname": "\u0421\u0430\u0431\u0438\u043d\u0430", "photo": "photo_student/nutriia-priroda-fon_O0C29YN.jpg", "department": 3, "cource": 5, "group": 8}}, {"model": "university.students", "pk": 407, "fields": {"name": "\u042e\u043b\u0438\u044f", "surname": "\u0414\u0440\u0430\u0433\u0430\u043d", "photo": "photo_student/nutriia-priroda-fon_r1DSkmu.jpg", "department": 6, "cource": 1, "group": 16}}, {"model": "university.students", "pk": 408, "fields": {"name": "\u041a\u0440\u0438\u0441\u0442\u0438\u043d\u0430", "surname": "\u041f\u043e\u043f\u043e\u0432\u0438\u0447", "photo": "photo_student/nutriia-priroda-fon_oFizE7E.jpg", "department": 5, "cource": 3, "group": 9}}, {"model": "university.students", "pk": 410, "fields": {"name": "\u0410\u043d\u0436\u0435\u043b\u0438\u043a\u0430", "surname": "\u041e\u0441\u0430\u0434\u0447\u0443\u043a", "photo": "photo_student/nutriia-priroda-fon_R5HNMTr.jpg", "department": 1, "cource": 3, "group": 4}}, {"model": "university.students", "pk": 412, "fields": {"name": "\u0410\u0440\u0442\u0443\u0440", "surname": "\u041a\u0440\u0430\u0441\u043d\u0438\u043a\u043e\u0432", "photo": "photo_student/nutriia-priroda-fon_rZaquf5.jpg", "department": 5, "cource": 2, "group": 19}}, {"model": "university.students", "pk": 413, "fields": {"name": "\u0412\u0438\u043a\u0443\u0442\u043e\u0440", "surname": "\u0416\u0435\u0436\u0435\u0440", "photo": "photo_student/nutriia-priroda-fon_kEMraCs.jpg", "department": 1, "cource": 3, "group": 1}}, {"model": "university.students", "pk": 414, "fields": {"name": "\u0412\u043b\u0430\u0434", "surname": "\u0423\u0441\u0430\u0447\u0451\u0432", "photo": "photo_student/nutriia-priroda-fon_svXB455.jpg", "department": 1, "cource": 3, "group": 1}}, {"model": "university.students", "pk": 416, "fields": {"name": "\u0418\u0440\u0438\u043d\u0430", "surname": "\u041b\u0430\u0433\u0443\u0442\u0430", "photo": "photo_student/nutriia-priroda-fon_cSjlOuO.jpg", "department": 6, "cource": 1, "group": 7}}, {"model": "university.students", "pk": 417, "fields": {"name": "\u041a\u043e\u043d\u0441\u0442\u0430\u043d\u0442\u0438\u043d", "surname": "\u041a\u043e\u0442\u043e\u0432", "photo": "photo_student/nutriia-priroda-fon_i6WM8bV.jpg", "department": 4, "cource": 2, "group": 5}}, {"model": "university.students", "pk": 418, "fields": {"name": "\u041a\u0440\u0438\u0441\u0442\u0438\u043d\u0430", "surname": "\u0420\u043e\u043c\u0430\u043d\u0435\u043d\u043a\u043e", "photo": "photo_student/nutriia-priroda-fon_LKeeiMd.jpg", "department": 3, "cource": 1, "group": 13}}, {"model": "university.students", "pk": 419, "fields": {"name": "\u041e\u043b\u0435\u0433", "surname": "\u0421\u0435\u043c\u044b\u043a\u0430", "photo": "photo_student/nutriia-priroda-fon_11oVlIu.jpg", "department": 5, "cource": 5, "group": 16}}, {"model": "university.students", "pk": 420, "fields": {"name": "\u0421\u0435\u0440\u0433\u0435\u0439", "surname": "\u041a\u043e\u0440\u0437\u0443\u043d", "photo": "photo_student/nutriia-priroda-fon_4kDonFW.jpg", "department": 5, "cource": 2, "group": 8}}, {"model": "university.students", "pk": 422, "fields": {"name": "\u0421\u0442\u0430\u0441", "surname": "\u0414\u0430\u0432\u044b\u0434\u043e\u0432", "photo": "photo_student/nutriia-priroda-fon_tdFA57k.jpg", "department": 5, "cource": 2, "group": 18}}, {"model": "university.students", "pk": 486, "fields": {"name": "\u0418\u0433\u043e\u0440\u044c", "surname": "\u0413\u0440\u0438\u0449\u0435\u043d\u043a\u043e", "photo": "photo_student/nutriia-priroda-fon_RdxCXvF.jpg", "department": 6, "cource": 1, "group": 18}}, {"model": "university.students", "pk": 513, "fields": {"name": "\u0421\u0435\u0440\u0433\u0435\u0439", "surname": "\u0428\u0435\u0432\u0447\u0435\u043d\u043a\u043e", "photo": "photo_student/nutriia-priroda-fon_rfKyDYh.jpg", "department": 4, "cource": 3, "group": 13}}, {"model": "university.students", "pk": 527, "fields": {"name": "\u0414\u0430\u0448\u0430", "surname": "\u0424\u0451\u0434\u043e\u0440\u043e\u0432\u0430", "photo": "photo_student/nutriia-priroda-fon_fUw1kNi.jpg", "department": 3, "cource": 4, "group": 13}}, {"model": "university.evalution", "pk": 11, "fields": {"appraisal": 64, "teacher": 21, "student": 414, "subject": 3, "date": "2018-01-22"}}, {"model": "university.evalution", "pk": 12, "fields": {"appraisal": 65, "teacher": 25, "student": 414, "subject": 12, "date": "2018-01-22"}}, {"model": "university.evalution", "pk": 13, "fields": {"appraisal": 65, "teacher": 28, "student": 414, "subject": 15, "date": "2018-01-22"}}, {"model": "university.evalution", "pk": 14, "fields": {"appraisal": 62, "teacher": 12, "student": 414, "subject": 7, "date": "2018-01-22"}}, {"model": "university.evalution", "pk": 15, "fields": {"appraisal": 71, "teacher": 27, "student": 414, "subject": 1, "date": "2018-01-22"}}, {"model": "university.evalution", "pk": 16, "fields": {"appraisal": 76, "teacher": 15, "student": 398, "subject": 14, "date": "2018-01-22"}}, {"model": "university.evalution", "pk": 17, "fields": {"appraisal": 75, "teacher": 11, "student": 398, "subject": 12, "date": "2018-01-22"}}, {"model": "university.evalution", "pk": 18, "fields": {"appraisal": 76, "teacher": 18, "student": 398, "subject": 13, "date": "2018-01-22"}}, {"model": "university.evalution", "pk": 19, "fields": {"appraisal": 84, "teacher": 21, "student": 398, "subject": 4, "date": "2018-01-22"}}, {"model": "university.evalution", "pk": 20, "fields": {"appraisal": 81, "teacher": 24, "student": 398, "subject": 11, "date": "2018-01-22"}}, {"model": "university.evalution", "pk": 21, "fields": {"appraisal": 65, "teacher": 26, "student": 419, "subject": 5, "date": "2018-01-23"}}, {"model": "university.evalution", "pk": 22, "fields": {"appraisal": 62, "teacher": 28, "student": 419, "subject": 9, "date": "2018-01-23"}}, {"model": "university.evalution", "pk": 23, "fields": {"appraisal": 71, "teacher": 25, "student": 419, "subject": 2, "date": "2018-01-23"}}, {"model": "university.evalution", "pk": 24, "fields": {"appraisal": 74, "teacher": 29, "student": 419, "subject": 4, "date": "2018-01-23"}}, {"model": "university.evalution", "pk": 25, "fields": {"appraisal": 62, "teacher": 9, "student": 419, "subject": 5, "date": "2018-01-23"}}, {"model": "university.evalution", "pk": 26, "fields": {"appraisal": 75, "teacher": 22, "student": 404, "subject": 15, "date": "2018-01-23"}}, {"model": "university.evalution", "pk": 27, "fields": {"appraisal": 72, "teacher": 27, "student": 404, "subject": 3, "date": "2018-01-23"}}, {"model": "university.evalution", "pk": 28, "fields": {"appraisal": 78, "teacher": 21, "student": 404, "subject": 10, "date": "2018-01-23"}}, {"model": "university.evalution", "pk": 29, "fields": {"appraisal": 77, "teacher": 20, "student": 404, "subject": 14, "date": "2018-01-23"}}, {"model": "university.evalution", "pk": 30, "fields": {"appraisal": 87, "teacher": 15, "student": 404, "subject": 7, "date": "2018-01-23"}}, {"model": "university.evalution", "pk": 31, "fields": {"appraisal": 76, "teacher": 24, "student": 406, "subject": 4, "date": "2018-01-23"}}, {"model": "university.evalution", "pk": 32, "fields": {"appraisal": 81, "teacher": 29, "student": 406, "subject": 2, "date": "2018-01-23"}}, {"model": "university.evalution", "pk": 33, "fields": {"appraisal": 84, "teacher": 28, "student": 406, "subject": 16, "date": "2018-01-23"}}, {"model": "university.evalution", "pk": 34, "fields": {"appraisal": 79, "teacher": 21, "student": 406, "subject": 12, "date": "2018-01-23"}}, {"model": "university.evalution", "pk": 35, "fields": {"appraisal": 86, "teacher": 16, "student": 406, "subject": 9, "date": "2018-01-23"}}, {"model": "university.evalution", "pk": 36, "fields": {"appraisal": 70, "teacher": 20, "student": 400, "subject": 12, "date": "2018-01-23"}}, {"model": "university.evalution", "pk": 37, "fields": {"appraisal": 66, "teacher": 22, "student": 400, "subject": 13, "date": "2018-01-23"}}, {"model": "university.evalution", "pk": 38, "fields": {"appraisal": 69, "teacher": 11, "student": 400, "subject": 5, "date": "2018-01-23"}}, {"model": "university.evalution", "pk": 39, "fields": {"appraisal": 67, "teacher": 28, "student": 400, "subject": 11, "date": "2018-01-23"}}, {"model": "university.evalution", "pk": 40, "fields": {"appraisal": 63, "teacher": 21, "student": 400, "subject": 1, "date": "2018-01-23"}}, {"model": "university.evalution", "pk": 41, "fields": {"appraisal": 79, "teacher": 14, "student": 418, "subject": 15, "date": "2018-01-23"}}, {"model": "university.evalution", "pk": 42, "fields": {"appraisal": 78, "teacher": 18, "student": 418, "subject": 1, "date": "2018-01-23"}}, {"model": "university.evalution", "pk": 43, "fields": {"appraisal": 78, "teacher": 28, "student": 418, "subject": 3, "date": "2018-01-23"}}, {"model": "university.evalution", "pk": 44, "fields": {"appraisal": 83, "teacher": 29, "student": 418, "subject": 4, "date": "2018-01-23"}}, {"model": "university.evalution", "pk": 45, "fields": {"appraisal": 85, "teacher": 9, "student": 408, "subject": 5, "date": "2018-01-23"}}, {"model": "university.evalution", "pk": 46, "fields": {"appraisal": 87, "teacher": 20, "student": 397, "subject": 16, "date": "2018-01-23"}}, {"model": "university.evalution", "pk": 47, "fields": {"appraisal": 91, "teacher": 14, "student": 397, "subject": 15, "date": "2018-01-23"}}, {"model": "university.evalution", "pk": 48, "fields": {"appraisal": 89, "teacher": 22, "student": 397, "subject": 14, "date": "2018-01-23"}}, {"model": "university.evalution", "pk": 49, "fields": {"appraisal": 83, "teacher": 13, "student": 397, "subject": 12, "date": "2018-01-23"}}, {"model": "university.evalution", "pk": 50, "fields": {"appraisal": 84, "teacher": 15, "student": 397, "subject": 10, "date": "2018-01-23"}}, {"model": "university.evalution", "pk": 51, "fields": {"appraisal": 72, "teacher": 27, "student": 408, "subject": 1, "date": "2018-01-23"}}, {"model": "university.evalution", "pk": 52, "fields": {"appraisal": 76, "teacher": 9, "student": 408, "subject": 3, "date": "2018-01-23"}}, {"model": "university.evalution", "pk": 53, "fields": {"appraisal": 69, "teacher": 11, "student": 408, "subject": 7, "date": "2018-01-23"}}, {"model": "university.evalution", "pk": 54, "fields": {"appraisal": 68, "teacher": 14, "student": 408, "subject": 11, "date": "2018-01-23"}}, {"model": "university.evalution", "pk": 55, "fields": {"appraisal": 65, "teacher": 28, "student": 410, "subject": 8, "date": "2018-01-23"}}, {"model": "university.evalution", "pk": 56, "fields": {"appraisal": 68, "teacher": 15, "student": 410, "subject": 9, "date": "2018-01-23"}}, {"model": "university.evalution", "pk": 57, "fields": {"appraisal": 75, "teacher": 18, "student": 410, "subject": 13, "date": "2018-01-23"}}, {"model": "university.evalution", "pk": 58, "fields": {"appraisal": 75, "teacher": 9, "student": 410, "subject": 14, "date": "2018-01-23"}}, {"model": "university.evalution", "pk": 59, "fields": {"appraisal": 67, "teacher": 19, "student": 410, "subject": 5, "date": "2018-01-23"}}, {"model": "university.evalution", "pk": 60, "fields": {"appraisal": 87, "teacher": 18, "student": 405, "subject": 1, "date": "2018-01-23"}}, {"model": "university.evalution", "pk": 61, "fields": {"appraisal": 83, "teacher": 8, "student": 405, "subject": 3, "date": "2018-01-23"}}, {"model": "university.evalution", "pk": 62, "fields": {"appraisal": 92, "teacher": 12, "student": 405, "subject": 4, "date": "2018-01-23"}}, {"model": "university.evalution", "pk": 63, "fields": {"appraisal": 91, "teacher": 14, "student": 405, "subject": 5, "date": "2018-01-23"}}, {"model": "university.evalution", "pk": 64, "fields": {"appraisal": 87, "teacher": 25, "student": 405, "subject": 15, "date": "2018-01-23"}}, {"model": "university.evalution", "pk": 65, "fields": {"appraisal": 74, "teacher": 22, "student": 396, "subject": 16, "date": "2018-01-23"}}, {"model": "university.evalution", "pk": 66, "fields": {"appraisal": 65, "teacher": 22, "student": 396, "subject": 15, "date": "2018-01-23"}}, {"model": "university.evalution", "pk": 67, "fields": {"appraisal": 76, "teacher": 9, "student": 396, "subject": 1, "date": "2018-01-23"}}, {"model": "university.evalution", "pk": 68, "fields": {"appraisal": 62, "teacher": 15, "student": 396, "subject": 3, "date": "2018-01-23"}}, {"model": "university.evalution", "pk": 69, "fields": {"appraisal": 64, "teacher": 19, "student": 396, "subject": 10, "date": "2018-01-23"}}, {"model": "university.evalution", "pk": 70, "fields": {"appraisal": 72, "teacher": 14, "student": 393, "subject": 12, "date": "2018-01-23"}}, {"model": "university.evalution", "pk": 71, "fields": {"appraisal": 75, "teacher": 18, "student": 393, "subject": 12, "date": "2018-01-23"}}, {"model": "university.evalution", "pk": 72, "fields": {"appraisal": 75, "teacher": 28, "student": 393, "subject": 9, "date": "2018-01-23"}}, {"model": "university.evalution", "pk": 73, "fields": {"appraisal": 73, "teacher": 23, "student": 393, "subject": 6, "date": "2018-01-23"}}, {"model": "university.evalution", "pk": 74, "fields": {"appraisal": 65, "teacher": 25, "student": 393, "subject": 3, "date": "2018-01-23"}}, {"model": "university.evalution", "pk": 75, "fields": {"appraisal": 91, "teacher": 8, "student": 416, "subject": 1, "date": "2018-01-23"}}, {"model": "university.evalution", "pk": 76, "fields": {"appraisal": 86, "teacher": 19, "student": 416, "subject": 2, "date": "2018-01-23"}}, {"model": "university.evalution", "pk": 77, "fields": {"appraisal": 85, "teacher": 15, "student": 416, "subject": 3, "date": "2018-01-23"}}, {"model": "university.evalution", "pk": 78, "fields": {"appraisal": 95, "teacher": 22, "student": 416, "subject": 4, "date": "2018-01-23"}}, {"model": "university.evalution", "pk": 79, "fields": {"appraisal": 91, "teacher": 14, "student": 416, "subject": 5, "date": "2018-01-23"}}, {"model": "university.evalution", "pk": 80, "fields": {"appraisal": 63, "teacher": 26, "student": 412, "subject": 16, "date": "2018-01-23"}}, {"model": "university.evalution", "pk": 81, "fields": {"appraisal": 65, "teacher": 18, "student": 412, "subject": 15, "date": "2018-01-23"}}, {"model": "university.evalution", "pk": 82, "fields": {"appraisal": 67, "teacher": 22, "student": 412, "subject": 14, "date": "2018-01-23"}}, {"model": "university.evalution", "pk": 83, "fields": {"appraisal": 69, "teacher": 9, "student": 412, "subject": 12, "date": "2018-01-23"}}, {"model": "university.evalution", "pk": 84, "fields": {"appraisal": 73, "teacher": 11, "student": 412, "subject": 6, "date": "2018-01-23"}}, {"model": "university.evalution", "pk": 85, "fields": {"appraisal": 72, "teacher": 18, "student": 417, "subject": 12, "date": "2018-01-23"}}, {"model": "university.evalution", "pk": 86, "fields": {"appraisal": 75, "teacher": 18, "student": 417, "subject": 8, "date": "2018-01-23"}}, {"model": "university.evalution", "pk": 87, "fields": {"appraisal": 73, "teacher": 22, "student": 417, "subject": 2, "date": "2018-01-23"}}, {"model": "university.evalution", "pk": 88, "fields": {"appraisal": 74, "teacher": 20, "student": 417, "subject": 7, "date": "2018-01-23"}}, {"model": "university.evalution", "pk": 89, "fields": {"appraisal": 85, "teacher": 13, "student": 417, "subject": 11, "date": "2018-01-23"}}, {"model": "university.evalution", "pk": 90, "fields": {"appraisal": 76, "teacher": 24, "student": 420, "subject": 5, "date": "2018-01-23"}}, {"model": "university.evalution", "pk": 91, "fields": {"appraisal": 64, "teacher": 25, "student": 420, "subject": 4, "date": "2018-01-23"}}, {"model": "university.evalution", "pk": 92, "fields": {"appraisal": 67, "teacher": 14, "student": 420, "subject": 13, "date": "2018-01-23"}}, {"model": "university.evalution", "pk": 93, "fields": {"appraisal": 65, "teacher": 16, "student": 420, "subject": 16, "date": "2018-01-23"}}, {"model": "university.evalution", "pk": 94, "fields": {"appraisal": 73, "teacher": 28, "student": 420, "subject": 14, "date": "2018-01-23"}}, {"model": "university.evalution", "pk": 95, "fields": {"appraisal": 65, "teacher": 22, "student": 403, "subject": 16, "date": "2018-01-23"}}, {"model": "university.evalution", "pk": 96, "fields": {"appraisal": 65, "teacher": 14, "student": 403, "subject": 15, "date": "2018-01-23"}}, {"model": "university.evalution", "pk": 97, "fields": {"appraisal": 69, "teacher": 26, "student": 403, "subject": 14, "date": "2018-01-23"}}, {"model": "university.evalution", "pk": 98, "fields": {"appraisal": 73, "teacher": 12, "student": 403, "subject": 6, "date": "2018-01-23"}}, {"model": "university.evalution", "pk": 99, "fields": {"appraisal": 74, "teacher": 8, "student": 403, "subject": 8, "date": "2018-01-23"}}, {"model": "university.evalution", "pk": 100, "fields": {"appraisal": 68, "teacher": 13, "student": 399, "subject": 1, "date": "2018-01-23"}}, {"model": "university.evalution", "pk": 101, "fields": {"appraisal": 64, "teacher": 19, "student": 399, "subject": 2, "date": "2018-01-23"}}, {"model": "university.evalution", "pk": 102, "fields": {"appraisal": 71, "teacher": 28, "student": 399, "subject": 6, "date": "2018-01-23"}}, {"model": "university.evalution", "pk": 103, "fields": {"appraisal": 65, "teacher": 15, "student": 399, "subject": 11, "date": "2018-01-23"}}, {"model": "university.evalution", "pk": 104, "fields": {"appraisal": 68, "teacher": 25, "student": 399, "subject": 7, "date": "2018-01-23"}}, {"model": "university.evalution", "pk": 105, "fields": {"appraisal": 85, "teacher": 15, "student": 413, "subject": 7, "date": "2018-01-23"}}, {"model": "university.evalution", "pk": 106, "fields": {"appraisal": 87, "teacher": 22, "student": 399, "subject": 8, "date": "2018-01-23"}}, {"model": "university.evalution", "pk": 107, "fields": {"appraisal": 89, "teacher": 16, "student": 413, "subject": 13, "date": "2018-01-23"}}, {"model": "university.evalution", "pk": 108, "fields": {"appraisal": 81, "teacher": 24, "student": 413, "subject": 14, "date": "2018-01-23"}}, {"model": "university.evalution", "pk": 109, "fields": {"appraisal": 83, "teacher": 19, "student": 413, "subject": 3, "date": "2018-01-23"}}, {"model": "university.evalution", "pk": 110, "fields": {"appraisal": 78, "teacher": 8, "student": 413, "subject": 4, "date": "2018-01-23"}}, {"model": "university.evalution", "pk": 111, "fields": {"appraisal": 76, "teacher": 28, "student": 407, "subject": 2, "date": "2018-01-23"}}, {"model": "university.evalution", "pk": 112, "fields": {"appraisal": 69, "teacher": 12, "student": 407, "subject": 12, "date": "2018-01-23"}}, {"model": "university.evalution", "pk": 113, "fields": {"appraisal": 73, "teacher": 25, "student": 407, "subject": 3, "date": "2018-01-23"}}, {"model": "university.evalution", "pk": 114, "fields": {"appraisal": 78, "teacher": 9, "student": 407, "subject": 5, "date": "2018-01-23"}}, {"model": "university.evalution", "pk": 115, "fields": {"appraisal": 76, "teacher": 22, "student": 407, "subject": 15, "date": "2018-01-23"}}, {"model": "university.evalution", "pk": 116, "fields": {"appraisal": 65, "teacher": 13, "student": 422, "subject": 1, "date": "2018-01-23"}}, {"model": "university.evalution", "pk": 117, "fields": {"appraisal": 63, "teacher": 28, "student": 422, "subject": 2, "date": "2018-01-23"}}, {"model": "university.evalution", "pk": 118, "fields": {"appraisal": 69, "teacher": 18, "student": 422, "subject": 4, "date": "2018-01-23"}}, {"model": "university.evalution", "pk": 119, "fields": {"appraisal": 72, "teacher": 8, "student": 422, "subject": 8, "date": "2018-01-23"}}, {"model": "university.evalution", "pk": 120, "fields": {"appraisal": 68, "teacher": 8, "student": 422, "subject": 14, "date": "2018-01-23"}}, {"model": "university.evalution", "pk": 121, "fields": {"appraisal": 72, "teacher": 16, "student": 395, "subject": 16, "date": "2018-01-23"}}, {"model": "university.evalution", "pk": 122, "fields": {"appraisal": 76, "teacher": 28, "student": 395, "subject": 15, "date": "2018-01-23"}}, {"model": "university.evalution", "pk": 123, "fields": {"appraisal": 78, "teacher": 23, "student": 395, "subject": 8, "date": "2018-01-23"}}, {"model": "university.evalution", "pk": 124, "fields": {"appraisal": 83, "teacher": 14, "student": 395, "subject": 6, "date": "2018-01-23"}}, {"model": "university.evalution", "pk": 125, "fields": {"appraisal": 72, "teacher": 18, "student": 395, "subject": 12, "date": "2018-01-23"}}, {"model": "university.evalution", "pk": 126, "fields": {"appraisal": 65, "teacher": 12, "student": 401, "subject": 1, "date": "2018-01-23"}}, {"model": "university.evalution", "pk": 127, "fields": {"appraisal": 78, "teacher": 20, "student": 401, "subject": 2, "date": "2018-01-23"}}, {"model": "university.evalution", "pk": 128, "fields": {"appraisal": 72, "teacher": 22, "student": 401, "subject": 4, "date": "2018-01-23"}}, {"model": "university.evalution", "pk": 129, "fields": {"appraisal": 71, "teacher": 14, "student": 401, "subject": 5, "date": "2018-01-23"}}, {"model": "university.evalution", "pk": 131, "fields": {"appraisal": 73, "teacher": 12, "student": 401, "subject": 10, "date": "2018-01-23"}}, {"model": "easy_thumbnails.source", "pk": 1, "fields": {"storage_hash": "f9bde26a1556cd667f742bd34ec7c55e", "name": "media/photo/nastol.com.ua-237889.jpg", "modified": "2017-11-02T09:15:40.443Z"}}, {"model": "easy_thumbnails.source", "pk": 2, "fields": {"storage_hash": "f9bde26a1556cd667f742bd34ec7c55e", "name": "media/photo/nastol.com.ua-237889_K8Y1BqU.jpg", "modified": "2017-11-02T09:00:43.710Z"}}, {"model": "easy_thumbnails.source", "pk": 3, "fields": {"storage_hash": "f9bde26a1556cd667f742bd34ec7c55e", "name": "photo/nastol.com.ua-237889.jpg", "modified": "2017-11-03T11:47:47.631Z"}}, {"model": "easy_thumbnails.source", "pk": 4, "fields": {"storage_hash": "f9bde26a1556cd667f742bd34ec7c55e", "name": "photo_student/nastol.com.ua-237889.jpg", "modified": "2017-11-06T15:22:48.751Z"}}, {"model": "easy_thumbnails.source", "pk": 5, "fields": {"storage_hash": "f9bde26a1556cd667f742bd34ec7c55e", "name": "photo_student/nutriia-priroda-fon.jpg", "modified": "2018-01-23T09:11:24.224Z"}}, {"model": "easy_thumbnails.source", "pk": 6, "fields": {"storage_hash": "f9bde26a1556cd667f742bd34ec7c55e", "name": "media/photo_student/nutriia-priroda-fon.jpg", "modified": "2017-11-06T15:36:44.795Z"}}, {"model": "easy_thumbnails.source", "pk": 7, "fields": {"storage_hash": "f9bde26a1556cd667f742bd34ec7c55e", "name": "photo_student/nutriia-priroda-fon_rh3OBfr.jpg", "modified": "2017-11-06T15:41:11.214Z"}}, {"model": "easy_thumbnails.source", "pk": 8, "fields": {"storage_hash": "f9bde26a1556cd667f742bd34ec7c55e", "name": "photo_student/nutriia-priroda-fon_aHKGkkg.jpg", "modified": "2017-11-14T12:58:17.393Z"}}, {"model": "easy_thumbnails.source", "pk": 9, "fields": {"storage_hash": "f9bde26a1556cd667f742bd34ec7c55e", "name": "photo_student/nutriia-priroda-fon_ndVjxgT.jpg", "modified": "2017-11-14T12:59:00.713Z"}}, {"model": "easy_thumbnails.source", "pk": 10, "fields": {"storage_hash": "f9bde26a1556cd667f742bd34ec7c55e", "name": "photo_student/nutriia-priroda-fon_JDmb0F2.jpg", "modified": "2017-11-14T13:48:54.453Z"}}, {"model": "easy_thumbnails.source", "pk": 11, "fields": {"storage_hash": "f9bde26a1556cd667f742bd34ec7c55e", "name": "photo_student/nutriia-priroda-fon_Tn5lfE0.jpg", "modified": "2017-11-14T13:48:53.990Z"}}, {"model": "easy_thumbnails.source", "pk": 12, "fields": {"storage_hash": "f9bde26a1556cd667f742bd34ec7c55e", "name": "photo_student/nutriia-priroda-fon_4FembBv.jpg", "modified": "2017-11-14T18:02:48.072Z"}}, {"model": "easy_thumbnails.source", "pk": 13, "fields": {"storage_hash": "f9bde26a1556cd667f742bd34ec7c55e", "name": "photo_student/nutriia-priroda-fon_VYxqROF.jpg", "modified": "2018-01-16T13:36:10.626Z"}}, {"model": "easy_thumbnails.source", "pk": 14, "fields": {"storage_hash": "f9bde26a1556cd667f742bd34ec7c55e", "name": "photo_student/nutriia-priroda-fon_3qYkUlt.jpg", "modified": "2018-01-17T19:50:53.769Z"}}, {"model": "easy_thumbnails.source", "pk": 15, "fields": {"storage_hash": "f9bde26a1556cd667f742bd34ec7c55e", "name": "photo_student/nutriia-priroda-fon_YgOn4zP.jpg", "modified": "2018-01-19T09:48:18.878Z"}}, {"model": "easy_thumbnails.source", "pk": 16, "fields": {"storage_hash": "f9bde26a1556cd667f742bd34ec7c55e", "name": "photo_student/nutriia-priroda-fon_YjNXuyG.jpg", "modified": "2018-01-19T15:18:08.178Z"}}, {"model": "easy_thumbnails.source", "pk": 17, "fields": {"storage_hash": "f9bde26a1556cd667f742bd34ec7c55e", "name": "photo_student/nutriia-priroda-fon_bNcLKb4.jpg", "modified": "2018-01-22T12:45:53.771Z"}}, {"model": "easy_thumbnails.source", "pk": 18, "fields": {"storage_hash": "f9bde26a1556cd667f742bd34ec7c55e", "name": "photo_student/nutriia-priroda-fon_uXJ8yLR.jpg", "modified": "2018-01-22T12:45:54.057Z"}}, {"model": "easy_thumbnails.source", "pk": 19, "fields": {"storage_hash": "f9bde26a1556cd667f742bd34ec7c55e", "name": "photo_student/nutriia-priroda-fon_TnpTi9L.jpg", "modified": "2018-01-22T16:05:12.370Z"}}, {"model": "easy_thumbnails.source", "pk": 20, "fields": {"storage_hash": "f9bde26a1556cd667f742bd34ec7c55e", "name": "photo_student/nutriia-priroda-fon_G4thMxy.jpg", "modified": "2018-01-23T14:34:36.959Z"}}, {"model": "easy_thumbnails.source", "pk": 21, "fields": {"storage_hash": "f9bde26a1556cd667f742bd34ec7c55e", "name": "photo_student/nutriia-priroda-fon_WUO59oC.jpg", "modified": "2018-01-22T16:22:58.223Z"}}, {"model": "easy_thumbnails.source", "pk": 22, "fields": {"storage_hash": "f9bde26a1556cd667f742bd34ec7c55e", "name": "photo_student/nutriia-priroda-fon_WHjBDMS.jpg", "modified": "2018-01-23T09:02:59.510Z"}}, {"model": "easy_thumbnails.source", "pk": 23, "fields": {"storage_hash": "f9bde26a1556cd667f742bd34ec7c55e", "name": "photo_student/nutriia-priroda-fon_v6yWmJY.jpg", "modified": "2018-01-22T18:57:05.176Z"}}, {"model": "easy_thumbnails.source", "pk": 24, "fields": {"storage_hash": "f9bde26a1556cd667f742bd34ec7c55e", "name": "photo_student/nutriia-priroda-fon_LZRHt5o.jpg", "modified": "2018-01-23T14:26:02.592Z"}}, {"model": "easy_thumbnails.source", "pk": 25, "fields": {"storage_hash": "f9bde26a1556cd667f742bd34ec7c55e", "name": "photo_student/nutriia-priroda-fon_A9WPv41.jpg", "modified": "2018-01-23T08:59:02.477Z"}}, {"model": "easy_thumbnails.source", "pk": 26, "fields": {"storage_hash": "f9bde26a1556cd667f742bd34ec7c55e", "name": "photo_student/nutriia-priroda-fon_jq0yTlk.jpg", "modified": "2018-01-23T14:36:27.559Z"}}, {"model": "easy_thumbnails.source", "pk": 27, "fields": {"storage_hash": "f9bde26a1556cd667f742bd34ec7c55e", "name": "photo_student/nutriia-priroda-fon_D5Sbnyf.jpg", "modified": "2018-01-22T16:22:58.570Z"}}, {"model": "easy_thumbnails.source", "pk": 28, "fields": {"storage_hash": "f9bde26a1556cd667f742bd34ec7c55e", "name": "photo_student/nutriia-priroda-fon_iCXrXQw.jpg", "modified": "2018-01-23T09:18:56.582Z"}}, {"model": "easy_thumbnails.source", "pk": 29, "fields": {"storage_hash": "f9bde26a1556cd667f742bd34ec7c55e", "name": "photo_student/nutriia-priroda-fon_c7DSkow.jpg", "modified": "2018-01-23T08:55:32.273Z"}}, {"model": "easy_thumbnails.source", "pk": 30, "fields": {"storage_hash": "f9bde26a1556cd667f742bd34ec7c55e", "name": "photo_student/nutriia-priroda-fon_TkZwT6C.jpg", "modified": "2018-01-23T09:07:31.270Z"}}, {"model": "easy_thumbnails.source", "pk": 31, "fields": {"storage_hash": "f9bde26a1556cd667f742bd34ec7c55e", "name": "photo_student/nutriia-priroda-fon_O0C29YN.jpg", "modified": "2018-01-23T08:57:12.847Z"}}, {"model": "easy_thumbnails.source", "pk": 32, "fields": {"storage_hash": "f9bde26a1556cd667f742bd34ec7c55e", "name": "photo_student/nutriia-priroda-fon_r1DSkmu.jpg", "modified": "2018-01-23T14:31:26.624Z"}}, {"model": "easy_thumbnails.source", "pk": 33, "fields": {"storage_hash": "f9bde26a1556cd667f742bd34ec7c55e", "name": "photo_student/nutriia-priroda-fon_oFizE7E.jpg", "modified": "2018-01-23T09:04:33.857Z"}}, {"model": "easy_thumbnails.source", "pk": 34, "fields": {"storage_hash": "f9bde26a1556cd667f742bd34ec7c55e", "name": "photo_student/nutriia-priroda-fon_iRacR2V.jpg", "modified": "2018-01-22T16:55:27.215Z"}}, {"model": "easy_thumbnails.source", "pk": 35, "fields": {"storage_hash": "f9bde26a1556cd667f742bd34ec7c55e", "name": "photo_student/nutriia-priroda-fon_R5HNMTr.jpg", "modified": "2018-01-23T09:05:47.521Z"}}, {"model": "easy_thumbnails.source", "pk": 36, "fields": {"storage_hash": "f9bde26a1556cd667f742bd34ec7c55e", "name": "photo_student/nutriia-priroda-fon_RdxCXvF.jpg", "modified": "2018-01-23T14:36:35.165Z"}}, {"model": "easy_thumbnails.source", "pk": 37, "fields": {"storage_hash": "f9bde26a1556cd667f742bd34ec7c55e", "name": "photo_student/nutriia-priroda-fon_rZaquf5.jpg", "modified": "2018-01-23T09:16:52.084Z"}}, {"model": "easy_thumbnails.source", "pk": 38, "fields": {"storage_hash": "f9bde26a1556cd667f742bd34ec7c55e", "name": "photo_student/nutriia-priroda-fon_kEMraCs.jpg", "modified": "2018-01-23T14:28:57.429Z"}}, {"model": "easy_thumbnails.source", "pk": 39, "fields": {"storage_hash": "f9bde26a1556cd667f742bd34ec7c55e", "name": "photo_student/nutriia-priroda-fon_svXB455.jpg", "modified": "2018-01-22T18:55:13.824Z"}}, {"model": "easy_thumbnails.source", "pk": 40, "fields": {"storage_hash": "f9bde26a1556cd667f742bd34ec7c55e", "name": "photo_student/nutriia-priroda-fon_fUw1kNi.jpg", "modified": "2018-01-22T18:53:10.967Z"}}, {"model": "easy_thumbnails.source", "pk": 41, "fields": {"storage_hash": "f9bde26a1556cd667f742bd34ec7c55e", "name": "photo_student/nutriia-priroda-fon_cSjlOuO.jpg", "modified": "2018-01-22T16:33:05.214Z"}}, {"model": "easy_thumbnails.source", "pk": 42, "fields": {"storage_hash": "f9bde26a1556cd667f742bd34ec7c55e", "name": "photo_student/nutriia-priroda-fon_i6WM8bV.jpg", "modified": "2018-01-23T09:16:41.520Z"}}, {"model": "easy_thumbnails.source", "pk": 43, "fields": {"storage_hash": "f9bde26a1556cd667f742bd34ec7c55e", "name": "photo_student/nutriia-priroda-fon_LKeeiMd.jpg", "modified": "2018-01-23T09:01:08.915Z"}}, {"model": "easy_thumbnails.source", "pk": 44, "fields": {"storage_hash": "f9bde26a1556cd667f742bd34ec7c55e", "name": "photo_student/nutriia-priroda-fon_11oVlIu.jpg", "modified": "2018-01-23T08:44:25.847Z"}}, {"model": "easy_thumbnails.source", "pk": 45, "fields": {"storage_hash": "f9bde26a1556cd667f742bd34ec7c55e", "name": "photo_student/nutriia-priroda-fon_4kDonFW.jpg", "modified": "2018-01-23T09:18:27.419Z"}}, {"model": "easy_thumbnails.source", "pk": 46, "fields": {"storage_hash": "f9bde26a1556cd667f742bd34ec7c55e", "name": "photo_student/nutriia-priroda-fon_aQ7WYie.jpg", "modified": "2018-01-23T14:39:13.060Z"}}, {"model": "easy_thumbnails.source", "pk": 47, "fields": {"storage_hash": "f9bde26a1556cd667f742bd34ec7c55e", "name": "photo_student/nutriia-priroda-fon_tdFA57k.jpg", "modified": "2018-01-23T14:33:19.096Z"}}, {"model": "easy_thumbnails.source", "pk": 48, "fields": {"storage_hash": "f9bde26a1556cd667f742bd34ec7c55e", "name": "photo_student/nutriia-priroda-fon_0DKwCjo.jpg", "modified": "2018-01-22T17:04:14.301Z"}}, {"model": "easy_thumbnails.source", "pk": 49, "fields": {"storage_hash": "f9bde26a1556cd667f742bd34ec7c55e", "name": "photo_student/nutriia-priroda-fon_rfKyDYh.jpg", "modified": "2018-01-22T18:50:32.023Z"}}, {"model": "easy_thumbnails.thumbnail", "pk": 1, "fields": {"storage_hash": "d26becbf46ac48eda79c7a39a13a02dd", "name": "media/photo/nastol.com.ua-237889.jpg.50x50_q85_crop.jpg", "modified": "2017-11-02T09:07:27.710Z", "source": 1}}, {"model": "easy_thumbnails.thumbnail", "pk": 2, "fields": {"storage_hash": "d26becbf46ac48eda79c7a39a13a02dd", "name": "media/photo/nastol.com.ua-237889.jpg.500x500_q85_crop.jpg", "modified": "2017-11-02T09:11:13.405Z", "source": 1}}, {"model": "easy_thumbnails.thumbnail", "pk": 3, "fields": {"storage_hash": "d26becbf46ac48eda79c7a39a13a02dd", "name": "media/photo/nastol.com.ua-237889.jpg.100x100_q85_crop.jpg", "modified": "2017-11-02T09:15:40.517Z", "source": 1}}, {"model": "easy_thumbnails.thumbnail", "pk": 4, "fields": {"storage_hash": "d26becbf46ac48eda79c7a39a13a02dd", "name": "photo/nastol.com.ua-237889.jpg.100x100_q85_crop.jpg", "modified": "2017-11-03T11:47:47.677Z", "source": 3}}, {"model": "easy_thumbnails.thumbnail", "pk": 5, "fields": {"storage_hash": "d26becbf46ac48eda79c7a39a13a02dd", "name": "photo_student/nastol.com.ua-237889.jpg.100x100_q85_crop.jpg", "modified": "2017-11-06T15:22:48.967Z", "source": 4}}, {"model": "easy_thumbnails.thumbnail", "pk": 6, "fields": {"storage_hash": "d26becbf46ac48eda79c7a39a13a02dd", "name": "photo_student/nutriia-priroda-fon.jpg.100x100_q85_crop.jpg", "modified": "2017-11-14T17:46:18.164Z", "source": 5}}, {"model": "easy_thumbnails.thumbnail", "pk": 7, "fields": {"storage_hash": "d26becbf46ac48eda79c7a39a13a02dd", "name": "media/photo_student/nutriia-priroda-fon.jpg.100x100_q85_crop.jpg", "modified": "2017-11-06T15:36:44.929Z", "source": 6}}, {"model": "easy_thumbnails.thumbnail", "pk": 8, "fields": {"storage_hash": "d26becbf46ac48eda79c7a39a13a02dd", "name": "photo_student/nutriia-priroda-fon_Tn5lfE0.jpg.200x200_q85_crop.jpg", "modified": "2017-11-14T13:48:54.152Z", "source": 11}}, {"model": "easy_thumbnails.thumbnail", "pk": 9, "fields": {"storage_hash": "d26becbf46ac48eda79c7a39a13a02dd", "name": "photo_student/nutriia-priroda-fon_JDmb0F2.jpg.200x200_q85_crop.jpg", "modified": "2017-11-14T13:48:54.497Z", "source": 10}}, {"model": "easy_thumbnails.thumbnail", "pk": 10, "fields": {"storage_hash": "d26becbf46ac48eda79c7a39a13a02dd", "name": "photo_student/nutriia-priroda-fon.jpg.500x500_q85_crop.jpg", "modified": "2017-11-14T17:31:09.370Z", "source": 5}}, {"model": "easy_thumbnails.thumbnail", "pk": 11, "fields": {"storage_hash": "d26becbf46ac48eda79c7a39a13a02dd", "name": "photo_student/nutriia-priroda-fon_4FembBv.jpg.50x50_q85_crop.jpg", "modified": "2017-11-14T17:38:10.303Z", "source": 12}}, {"model": "easy_thumbnails.thumbnail", "pk": 12, "fields": {"storage_hash": "d26becbf46ac48eda79c7a39a13a02dd", "name": "photo_student/nutriia-priroda-fon.jpg.50x50_q85_crop.jpg", "modified": "2017-11-14T17:38:10.449Z", "source": 5}}, {"model": "easy_thumbnails.thumbnail", "pk": 13, "fields": {"storage_hash": "d26becbf46ac48eda79c7a39a13a02dd", "name": "photo_student/nutriia-priroda-fon_4FembBv.jpg.150x150_q85_crop.jpg", "modified": "2017-11-14T17:38:32.780Z", "source": 12}}, {"model": "easy_thumbnails.thumbnail", "pk": 14, "fields": {"storage_hash": "d26becbf46ac48eda79c7a39a13a02dd", "name": "photo_student/nutriia-priroda-fon.jpg.150x150_q85_crop.jpg", "modified": "2017-11-14T17:38:32.927Z", "source": 5}}, {"model": "easy_thumbnails.thumbnail", "pk": 15, "fields": {"storage_hash": "d26becbf46ac48eda79c7a39a13a02dd", "name": "photo_student/nutriia-priroda-fon_4FembBv.jpg.70x70_q85_crop.jpg", "modified": "2017-11-14T17:45:20.243Z", "source": 12}}, {"model": "easy_thumbnails.thumbnail", "pk": 16, "fields": {"storage_hash": "d26becbf46ac48eda79c7a39a13a02dd", "name": "photo_student/nutriia-priroda-fon.jpg.70x70_q85_crop.jpg", "modified": "2017-11-14T17:45:20.500Z", "source": 5}}, {"model": "easy_thumbnails.thumbnail", "pk": 17, "fields": {"storage_hash": "d26becbf46ac48eda79c7a39a13a02dd", "name": "photo_student/nutriia-priroda-fon_4FembBv.jpg.100x100_q85_crop.jpg", "modified": "2017-11-14T17:46:18.019Z", "source": 12}}, {"model": "easy_thumbnails.thumbnail", "pk": 18, "fields": {"storage_hash": "d26becbf46ac48eda79c7a39a13a02dd", "name": "photo_student/nutriia-priroda-fon_4FembBv.jpg.90x90_q85_crop.jpg", "modified": "2017-11-14T17:46:38.707Z", "source": 12}}, {"model": "easy_thumbnails.thumbnail", "pk": 19, "fields": {"storage_hash": "d26becbf46ac48eda79c7a39a13a02dd", "name": "photo_student/nutriia-priroda-fon.jpg.90x90_q85_crop.jpg", "modified": "2017-11-14T17:46:38.930Z", "source": 5}}, {"model": "easy_thumbnails.thumbnail", "pk": 20, "fields": {"storage_hash": "d26becbf46ac48eda79c7a39a13a02dd", "name": "photo_student/nutriia-priroda-fon_4FembBv.jpg.80x80_q85_crop.jpg", "modified": "2017-11-14T17:46:52.114Z", "source": 12}}, {"model": "easy_thumbnails.thumbnail", "pk": 21, "fields": {"storage_hash": "d26becbf46ac48eda79c7a39a13a02dd", "name": "photo_student/nutriia-priroda-fon.jpg.80x80_q85_crop.jpg", "modified": "2018-01-22T16:22:57.782Z", "source": 5}}, {"model": "easy_thumbnails.thumbnail", "pk": 22, "fields": {"storage_hash": "d26becbf46ac48eda79c7a39a13a02dd", "name": "photo_student/nutriia-priroda-fon_4FembBv.jpg.500x500_q85_crop.jpg", "modified": "2017-11-14T17:47:07.411Z", "source": 12}}, {"model": "easy_thumbnails.thumbnail", "pk": 23, "fields": {"storage_hash": "d26becbf46ac48eda79c7a39a13a02dd", "name": "photo_student/nutriia-priroda-fon_4FembBv.jpg.300x100_q85_crop.jpg", "modified": "2017-11-14T17:48:22.242Z", "source": 12}}, {"model": "easy_thumbnails.thumbnail", "pk": 24, "fields": {"storage_hash": "d26becbf46ac48eda79c7a39a13a02dd", "name": "photo_student/nutriia-priroda-fon_4FembBv.jpg.200x200_q85_crop.jpg", "modified": "2017-11-14T17:48:31.750Z", "source": 12}}, {"model": "easy_thumbnails.thumbnail", "pk": 25, "fields": {"storage_hash": "d26becbf46ac48eda79c7a39a13a02dd", "name": "photo_student/nutriia-priroda-fon_4FembBv.jpg.200x240_q85_crop.jpg", "modified": "2017-11-14T18:02:12.743Z", "source": 12}}, {"model": "easy_thumbnails.thumbnail", "pk": 26, "fields": {"storage_hash": "d26becbf46ac48eda79c7a39a13a02dd", "name": "photo_student/nutriia-priroda-fon_4FembBv.jpg.200x230_q85_crop.jpg", "modified": "2017-11-14T18:02:21.693Z", "source": 12}}, {"model": "easy_thumbnails.thumbnail", "pk": 27, "fields": {"storage_hash": "d26becbf46ac48eda79c7a39a13a02dd", "name": "photo_student/nutriia-priroda-fon_4FembBv.jpg.200x220_q85_crop.jpg", "modified": "2017-11-14T18:02:48.185Z", "source": 12}}, {"model": "easy_thumbnails.thumbnail", "pk": 28, "fields": {"storage_hash": "d26becbf46ac48eda79c7a39a13a02dd", "name": "photo_student/nutriia-priroda-fon.jpg.200x220_q85_crop.jpg", "modified": "2018-01-23T09:11:24.269Z", "source": 5}}, {"model": "easy_thumbnails.thumbnail", "pk": 29, "fields": {"storage_hash": "d26becbf46ac48eda79c7a39a13a02dd", "name": "photo_student/nutriia-priroda-fon_VYxqROF.jpg.80x80_q85_crop.jpg", "modified": "2017-12-23T23:30:26.569Z", "source": 13}}, {"model": "easy_thumbnails.thumbnail", "pk": 30, "fields": {"storage_hash": "d26becbf46ac48eda79c7a39a13a02dd", "name": "photo_student/nutriia-priroda-fon_VYxqROF.jpg.200x220_q85_crop.jpg", "modified": "2018-01-16T13:36:10.845Z", "source": 13}}, {"model": "easy_thumbnails.thumbnail", "pk": 31, "fields": {"storage_hash": "d26becbf46ac48eda79c7a39a13a02dd", "name": "photo_student/nutriia-priroda-fon_3qYkUlt.jpg.80x80_q85_crop.jpg", "modified": "2018-01-17T19:02:54.432Z", "source": 14}}, {"model": "easy_thumbnails.thumbnail", "pk": 32, "fields": {"storage_hash": "d26becbf46ac48eda79c7a39a13a02dd", "name": "photo_student/nutriia-priroda-fon_3qYkUlt.jpg.200x220_q85_crop.jpg", "modified": "2018-01-17T19:50:54.689Z", "source": 14}}, {"model": "easy_thumbnails.thumbnail", "pk": 33, "fields": {"storage_hash": "d26becbf46ac48eda79c7a39a13a02dd", "name": "photo_student/nutriia-priroda-fon_YgOn4zP.jpg.80x80_q85_crop.jpg", "modified": "2018-01-19T09:48:19.302Z", "source": 15}}, {"model": "easy_thumbnails.thumbnail", "pk": 34, "fields": {"storage_hash": "d26becbf46ac48eda79c7a39a13a02dd", "name": "photo_student/nutriia-priroda-fon_YjNXuyG.jpg.80x80_q85_crop.jpg", "modified": "2018-01-19T15:12:36.577Z", "source": 16}}, {"model": "easy_thumbnails.thumbnail", "pk": 35, "fields": {"storage_hash": "d26becbf46ac48eda79c7a39a13a02dd", "name": "photo_student/nutriia-priroda-fon_YjNXuyG.jpg.200x220_q85_crop.jpg", "modified": "2018-01-19T15:18:08.234Z", "source": 16}}, {"model": "easy_thumbnails.thumbnail", "pk": 36, "fields": {"storage_hash": "d26becbf46ac48eda79c7a39a13a02dd", "name": "photo_student/nutriia-priroda-fon_bNcLKb4.jpg.80x80_q85_crop.jpg", "modified": "2018-01-22T12:45:53.903Z", "source": 17}}, {"model": "easy_thumbnails.thumbnail", "pk": 37, "fields": {"storage_hash": "d26becbf46ac48eda79c7a39a13a02dd", "name": "photo_student/nutriia-priroda-fon_uXJ8yLR.jpg.80x80_q85_crop.jpg", "modified": "2018-01-22T12:45:54.137Z", "source": 18}}, {"model": "easy_thumbnails.thumbnail", "pk": 38, "fields": {"storage_hash": "d26becbf46ac48eda79c7a39a13a02dd", "name": "photo_student/nutriia-priroda-fon_v6yWmJY.jpg.80x80_q85_crop.jpg", "modified": "2018-01-22T16:22:57.604Z", "source": 23}}, {"model": "easy_thumbnails.thumbnail", "pk": 39, "fields": {"storage_hash": "d26becbf46ac48eda79c7a39a13a02dd", "name": "photo_student/nutriia-priroda-fon_A9WPv41.jpg.80x80_q85_crop.jpg", "modified": "2018-01-22T16:22:57.872Z", "source": 25}}, {"model": "easy_thumbnails.thumbnail", "pk": 40, "fields": {"storage_hash": "d26becbf46ac48eda79c7a39a13a02dd", "name": "photo_student/nutriia-priroda-fon_WHjBDMS.jpg.80x80_q85_crop.jpg", "modified": "2018-01-22T16:22:57.994Z", "source": 22}}, {"model": "easy_thumbnails.thumbnail", "pk": 41, "fields": {"storage_hash": "d26becbf46ac48eda79c7a39a13a02dd", "name": "photo_student/nutriia-priroda-fon_G4thMxy.jpg.80x80_q85_crop.jpg", "modified": "2018-01-22T16:22:58.086Z", "source": 20}}, {"model": "easy_thumbnails.thumbnail", "pk": 42, "fields": {"storage_hash": "d26becbf46ac48eda79c7a39a13a02dd", "name": "photo_student/nutriia-priroda-fon_LZRHt5o.jpg.80x80_q85_crop.jpg", "modified": "2018-01-22T16:22:58.175Z", "source": 24}}, {"model": "easy_thumbnails.thumbnail", "pk": 43, "fields": {"storage_hash": "d26becbf46ac48eda79c7a39a13a02dd", "name": "photo_student/nutriia-priroda-fon_WUO59oC.jpg.80x80_q85_crop.jpg", "modified": "2018-01-22T16:22:58.265Z", "source": 21}}, {"model": "easy_thumbnails.thumbnail", "pk": 44, "fields": {"storage_hash": "d26becbf46ac48eda79c7a39a13a02dd", "name": "photo_student/nutriia-priroda-fon_c7DSkow.jpg.80x80_q85_crop.jpg", "modified": "2018-01-22T16:22:58.488Z", "source": 29}}, {"model": "easy_thumbnails.thumbnail", "pk": 45, "fields": {"storage_hash": "d26becbf46ac48eda79c7a39a13a02dd", "name": "photo_student/nutriia-priroda-fon_D5Sbnyf.jpg.80x80_q85_crop.jpg", "modified": "2018-01-22T16:22:58.611Z", "source": 27}}, {"model": "easy_thumbnails.thumbnail", "pk": 46, "fields": {"storage_hash": "d26becbf46ac48eda79c7a39a13a02dd", "name": "photo_student/nutriia-priroda-fon_jq0yTlk.jpg.80x80_q85_crop.jpg", "modified": "2018-01-22T16:22:58.711Z", "source": 26}}, {"model": "easy_thumbnails.thumbnail", "pk": 47, "fields": {"storage_hash": "d26becbf46ac48eda79c7a39a13a02dd", "name": "photo_student/nutriia-priroda-fon_iCXrXQw.jpg.80x80_q85_crop.jpg", "modified": "2018-01-22T16:23:04.671Z", "source": 28}}, {"model": "easy_thumbnails.thumbnail", "pk": 48, "fields": {"storage_hash": "d26becbf46ac48eda79c7a39a13a02dd", "name": "photo_student/nutriia-priroda-fon_r1DSkmu.jpg.80x80_q85_crop.jpg", "modified": "2018-01-22T16:33:04.839Z", "source": 32}}, {"model": "easy_thumbnails.thumbnail", "pk": 49, "fields": {"storage_hash": "d26becbf46ac48eda79c7a39a13a02dd", "name": "photo_student/nutriia-priroda-fon_iRacR2V.jpg.80x80_q85_crop.jpg", "modified": "2018-01-22T16:33:04.996Z", "source": 34}}, {"model": "easy_thumbnails.thumbnail", "pk": 50, "fields": {"storage_hash": "d26becbf46ac48eda79c7a39a13a02dd", "name": "photo_student/nutriia-priroda-fon_oFizE7E.jpg.80x80_q85_crop.jpg", "modified": "2018-01-22T16:33:05.152Z", "source": 33}}, {"model": "easy_thumbnails.thumbnail", "pk": 51, "fields": {"storage_hash": "d26becbf46ac48eda79c7a39a13a02dd", "name": "photo_student/nutriia-priroda-fon_cSjlOuO.jpg.80x80_q85_crop.jpg", "modified": "2018-01-22T16:33:05.253Z", "source": 41}}, {"model": "easy_thumbnails.thumbnail", "pk": 52, "fields": {"storage_hash": "d26becbf46ac48eda79c7a39a13a02dd", "name": "photo_student/nutriia-priroda-fon_RdxCXvF.jpg.80x80_q85_crop.jpg", "modified": "2018-01-22T16:33:09.946Z", "source": 36}}, {"model": "easy_thumbnails.thumbnail", "pk": 53, "fields": {"storage_hash": "d26becbf46ac48eda79c7a39a13a02dd", "name": "photo_student/nutriia-priroda-fon_O0C29YN.jpg.80x80_q85_crop.jpg", "modified": "2018-01-22T16:33:10.069Z", "source": 31}}, {"model": "easy_thumbnails.thumbnail", "pk": 54, "fields": {"storage_hash": "d26becbf46ac48eda79c7a39a13a02dd", "name": "photo_student/nutriia-priroda-fon_fUw1kNi.jpg.80x80_q85_crop.jpg", "modified": "2018-01-22T16:33:10.192Z", "source": 40}}, {"model": "easy_thumbnails.thumbnail", "pk": 55, "fields": {"storage_hash": "d26becbf46ac48eda79c7a39a13a02dd", "name": "photo_student/nutriia-priroda-fon_TkZwT6C.jpg.80x80_q85_crop.jpg", "modified": "2018-01-22T16:33:10.330Z", "source": 30}}, {"model": "easy_thumbnails.thumbnail", "pk": 56, "fields": {"storage_hash": "d26becbf46ac48eda79c7a39a13a02dd", "name": "photo_student/nutriia-priroda-fon_svXB455.jpg.80x80_q85_crop.jpg", "modified": "2018-01-22T16:33:10.471Z", "source": 39}}, {"model": "easy_thumbnails.thumbnail", "pk": 57, "fields": {"storage_hash": "d26becbf46ac48eda79c7a39a13a02dd", "name": "photo_student/nutriia-priroda-fon_kEMraCs.jpg.80x80_q85_crop.jpg", "modified": "2018-01-22T16:33:10.582Z", "source": 38}}, {"model": "easy_thumbnails.thumbnail", "pk": 58, "fields": {"storage_hash": "d26becbf46ac48eda79c7a39a13a02dd", "name": "photo_student/nutriia-priroda-fon_R5HNMTr.jpg.80x80_q85_crop.jpg", "modified": "2018-01-22T16:33:23.005Z", "source": 35}}, {"model": "easy_thumbnails.thumbnail", "pk": 59, "fields": {"storage_hash": "d26becbf46ac48eda79c7a39a13a02dd", "name": "photo_student/nutriia-priroda-fon_rZaquf5.jpg.80x80_q85_crop.jpg", "modified": "2018-01-22T16:33:25.863Z", "source": 37}}, {"model": "easy_thumbnails.thumbnail", "pk": 60, "fields": {"storage_hash": "d26becbf46ac48eda79c7a39a13a02dd", "name": "photo_student/nutriia-priroda-fon_tdFA57k.jpg.80x80_q85_crop.jpg", "modified": "2018-01-22T16:38:53.108Z", "source": 47}}, {"model": "easy_thumbnails.thumbnail", "pk": 61, "fields": {"storage_hash": "d26becbf46ac48eda79c7a39a13a02dd", "name": "photo_student/nutriia-priroda-fon_aQ7WYie.jpg.80x80_q85_crop.jpg", "modified": "2018-01-22T16:38:53.253Z", "source": 46}}, {"model": "easy_thumbnails.thumbnail", "pk": 62, "fields": {"storage_hash": "d26becbf46ac48eda79c7a39a13a02dd", "name": "photo_student/nutriia-priroda-fon_4kDonFW.jpg.80x80_q85_crop.jpg", "modified": "2018-01-22T16:38:53.387Z", "source": 45}}, {"model": "easy_thumbnails.thumbnail", "pk": 63, "fields": {"storage_hash": "d26becbf46ac48eda79c7a39a13a02dd", "name": "photo_student/nutriia-priroda-fon_0DKwCjo.jpg.80x80_q85_crop.jpg", "modified": "2018-01-22T16:38:53.499Z", "source": 48}}, {"model": "easy_thumbnails.thumbnail", "pk": 64, "fields": {"storage_hash": "d26becbf46ac48eda79c7a39a13a02dd", "name": "photo_student/nutriia-priroda-fon_rfKyDYh.jpg.80x80_q85_crop.jpg", "modified": "2018-01-22T16:38:53.900Z", "source": 49}}, {"model": "easy_thumbnails.thumbnail", "pk": 65, "fields": {"storage_hash": "d26becbf46ac48eda79c7a39a13a02dd", "name": "photo_student/nutriia-priroda-fon_11oVlIu.jpg.80x80_q85_crop.jpg", "modified": "2018-01-22T16:39:01.227Z", "source": 44}}, {"model": "easy_thumbnails.thumbnail", "pk": 66, "fields": {"storage_hash": "d26becbf46ac48eda79c7a39a13a02dd", "name": "photo_student/nutriia-priroda-fon_LKeeiMd.jpg.80x80_q85_crop.jpg", "modified": "2018-01-22T16:39:01.417Z", "source": 43}}, {"model": "easy_thumbnails.thumbnail", "pk": 67, "fields": {"storage_hash": "d26becbf46ac48eda79c7a39a13a02dd", "name": "photo_student/nutriia-priroda-fon_i6WM8bV.jpg.80x80_q85_crop.jpg", "modified": "2018-01-22T16:39:01.507Z", "source": 42}}, {"model": "easy_thumbnails.thumbnail", "pk": 68, "fields": {"storage_hash": "d26becbf46ac48eda79c7a39a13a02dd", "name": "photo_student/nutriia-priroda-fon_iRacR2V.jpg.200x220_q85_crop.jpg", "modified": "2018-01-22T16:55:27.266Z", "source": 34}}, {"model": "easy_thumbnails.thumbnail", "pk": 69, "fields": {"storage_hash": "d26becbf46ac48eda79c7a39a13a02dd", "name": "photo_student/nutriia-priroda-fon_0DKwCjo.jpg.200x220_q85_crop.jpg", "modified": "2018-01-22T17:04:14.362Z", "source": 48}}, {"model": "easy_thumbnails.thumbnail", "pk": 70, "fields": {"storage_hash": "d26becbf46ac48eda79c7a39a13a02dd", "name": "photo_student/nutriia-priroda-fon_rfKyDYh.jpg.200x220_q85_crop.jpg", "modified": "2018-01-22T18:50:32.100Z", "source": 49}}, {"model": "easy_thumbnails.thumbnail", "pk": 71, "fields": {"storage_hash": "d26becbf46ac48eda79c7a39a13a02dd", "name": "photo_student/nutriia-priroda-fon_fUw1kNi.jpg.200x220_q85_crop.jpg", "modified": "2018-01-22T18:53:11.031Z", "source": 40}}, {"model": "easy_thumbnails.thumbnail", "pk": 72, "fields": {"storage_hash": "d26becbf46ac48eda79c7a39a13a02dd", "name": "photo_student/nutriia-priroda-fon_svXB455.jpg.200x220_q85_crop.jpg", "modified": "2018-01-22T18:55:13.874Z", "source": 39}}, {"model": "easy_thumbnails.thumbnail", "pk": 73, "fields": {"storage_hash": "d26becbf46ac48eda79c7a39a13a02dd", "name": "photo_student/nutriia-priroda-fon_v6yWmJY.jpg.200x220_q85_crop.jpg", "modified": "2018-01-22T18:57:05.225Z", "source": 23}}, {"model": "easy_thumbnails.thumbnail", "pk": 74, "fields": {"storage_hash": "d26becbf46ac48eda79c7a39a13a02dd", "name": "photo_student/nutriia-priroda-fon_11oVlIu.jpg.200x220_q85_crop.jpg", "modified": "2018-01-23T08:44:26.074Z", "source": 44}}, {"model": "easy_thumbnails.thumbnail", "pk": 75, "fields": {"storage_hash": "d26becbf46ac48eda79c7a39a13a02dd", "name": "photo_student/nutriia-priroda-fon_c7DSkow.jpg.200x220_q85_crop.jpg", "modified": "2018-01-23T08:55:32.323Z", "source": 29}}, {"model": "easy_thumbnails.thumbnail", "pk": 76, "fields": {"storage_hash": "d26becbf46ac48eda79c7a39a13a02dd", "name": "photo_student/nutriia-priroda-fon_O0C29YN.jpg.200x220_q85_crop.jpg", "modified": "2018-01-23T08:57:12.881Z", "source": 31}}, {"model": "easy_thumbnails.thumbnail", "pk": 77, "fields": {"storage_hash": "d26becbf46ac48eda79c7a39a13a02dd", "name": "photo_student/nutriia-priroda-fon_A9WPv41.jpg.200x220_q85_crop.jpg", "modified": "2018-01-23T08:59:02.509Z", "source": 25}}, {"model": "easy_thumbnails.thumbnail", "pk": 78, "fields": {"storage_hash": "d26becbf46ac48eda79c7a39a13a02dd", "name": "photo_student/nutriia-priroda-fon_LKeeiMd.jpg.200x220_q85_crop.jpg", "modified": "2018-01-23T09:01:08.958Z", "source": 43}}, {"model": "easy_thumbnails.thumbnail", "pk": 79, "fields": {"storage_hash": "d26becbf46ac48eda79c7a39a13a02dd", "name": "photo_student/nutriia-priroda-fon_WHjBDMS.jpg.200x220_q85_crop.jpg", "modified": "2018-01-23T09:02:59.590Z", "source": 22}}, {"model": "easy_thumbnails.thumbnail", "pk": 80, "fields": {"storage_hash": "d26becbf46ac48eda79c7a39a13a02dd", "name": "photo_student/nutriia-priroda-fon_oFizE7E.jpg.200x220_q85_crop.jpg", "modified": "2018-01-23T09:04:33.929Z", "source": 33}}, {"model": "easy_thumbnails.thumbnail", "pk": 81, "fields": {"storage_hash": "d26becbf46ac48eda79c7a39a13a02dd", "name": "photo_student/nutriia-priroda-fon_R5HNMTr.jpg.200x220_q85_crop.jpg", "modified": "2018-01-23T09:05:47.606Z", "source": 35}}, {"model": "easy_thumbnails.thumbnail", "pk": 82, "fields": {"storage_hash": "d26becbf46ac48eda79c7a39a13a02dd", "name": "photo_student/nutriia-priroda-fon_TkZwT6C.jpg.200x220_q85_crop.jpg", "modified": "2018-01-23T09:07:31.354Z", "source": 30}}, {"model": "easy_thumbnails.thumbnail", "pk": 83, "fields": {"storage_hash": "d26becbf46ac48eda79c7a39a13a02dd", "name": "photo_student/nutriia-priroda-fon_i6WM8bV.jpg.200x220_q85_crop.jpg", "modified": "2018-01-23T09:16:41.556Z", "source": 42}}, {"model": "easy_thumbnails.thumbnail", "pk": 84, "fields": {"storage_hash": "d26becbf46ac48eda79c7a39a13a02dd", "name": "photo_student/nutriia-priroda-fon_rZaquf5.jpg.200x220_q85_crop.jpg", "modified": "2018-01-23T09:16:52.153Z", "source": 37}}, {"model": "easy_thumbnails.thumbnail", "pk": 85, "fields": {"storage_hash": "d26becbf46ac48eda79c7a39a13a02dd", "name": "photo_student/nutriia-priroda-fon_4kDonFW.jpg.200x220_q85_crop.jpg", "modified": "2018-01-23T09:18:27.510Z", "source": 45}}, {"model": "easy_thumbnails.thumbnail", "pk": 86, "fields": {"storage_hash": "d26becbf46ac48eda79c7a39a13a02dd", "name": "photo_student/nutriia-priroda-fon_iCXrXQw.jpg.200x220_q85_crop.jpg", "modified": "2018-01-23T09:18:56.624Z", "source": 28}}, {"model": "easy_thumbnails.thumbnail", "pk": 87, "fields": {"storage_hash": "d26becbf46ac48eda79c7a39a13a02dd", "name": "photo_student/nutriia-priroda-fon_LZRHt5o.jpg.200x220_q85_crop.jpg", "modified": "2018-01-23T14:26:02.719Z", "source": 24}}, {"model": "easy_thumbnails.thumbnail", "pk": 88, "fields": {"storage_hash": "d26becbf46ac48eda79c7a39a13a02dd", "name": "photo_student/nutriia-priroda-fon_kEMraCs.jpg.200x220_q85_crop.jpg", "modified": "2018-01-23T14:28:57.557Z", "source": 38}}, {"model": "easy_thumbnails.thumbnail", "pk": 89, "fields": {"storage_hash": "d26becbf46ac48eda79c7a39a13a02dd", "name": "photo_student/nutriia-priroda-fon_r1DSkmu.jpg.200x220_q85_crop.jpg", "modified": "2018-01-23T14:31:26.728Z", "source": 32}}, {"model": "easy_thumbnails.thumbnail", "pk": 90, "fields": {"storage_hash": "d26becbf46ac48eda79c7a39a13a02dd", "name": "photo_student/nutriia-priroda-fon_tdFA57k.jpg.200x220_q85_crop.jpg", "modified": "2018-01-23T14:33:19.205Z", "source": 47}}, {"model": "easy_thumbnails.thumbnail", "pk": 91, "fields": {"storage_hash": "d26becbf46ac48eda79c7a39a13a02dd", "name": "photo_student/nutriia-priroda-fon_G4thMxy.jpg.200x220_q85_crop.jpg", "modified": "2018-01-23T14:34:37.035Z", "source": 20}}, {"model": "easy_thumbnails.thumbnail", "pk": 92, "fields": {"storage_hash": "d26becbf46ac48eda79c7a39a13a02dd", "name": "photo_student/nutriia-priroda-fon_jq0yTlk.jpg.200x220_q85_crop.jpg", "modified": "2018-01-23T14:36:27.633Z", "source": 26}}, {"model": "easy_thumbnails.thumbnail", "pk": 93, "fields": {"storage_hash": "d26becbf46ac48eda79c7a39a13a02dd", "name": "photo_student/nutriia-priroda-fon_RdxCXvF.jpg.200x220_q85_crop.jpg", "modified": "2018-01-23T14:36:35.249Z", "source": 36}}, {"model": "easy_thumbnails.thumbnail", "pk": 94, "fields": {"storage_hash": "d26becbf46ac48eda79c7a39a13a02dd", "name": "photo_student/nutriia-priroda-fon_aQ7WYie.jpg.200x220_q85_crop.jpg", "modified": "2018-01-23T14:39:13.119Z", "source": 46}}, {"model": "auth.permission", "pk": 1, "fields": {"name": "Can add evalution", "content_type": 1, "codename": "add_evalution"}}, {"model": "auth.permission", "pk": 2, "fields": {"name": "Can change evalution", "content_type": 1, "codename": "change_evalution"}}, {"model": "auth.permission", "pk": 3, "fields": {"name": "Can delete evalution", "content_type": 1, "codename": "delete_evalution"}}, {"model": "auth.permission", "pk": 4, "fields": {"name": "Can add students", "content_type": 2, "codename": "add_students"}}, {"model": "auth.permission", "pk": 5, "fields": {"name": "Can change students", "content_type": 2, "codename": "change_students"}}, {"model": "auth.permission", "pk": 6, "fields": {"name": "Can delete students", "content_type": 2, "codename": "delete_students"}}, {"model": "auth.permission", "pk": 7, "fields": {"name": "Can add subject", "content_type": 3, "codename": "add_subject"}}, {"model": "auth.permission", "pk": 8, "fields": {"name": "Can change subject", "content_type": 3, "codename": "change_subject"}}, {"model": "auth.permission", "pk": 9, "fields": {"name": "Can delete subject", "content_type": 3, "codename": "delete_subject"}}, {"model": "auth.permission", "pk": 10, "fields": {"name": "Can add cource", "content_type": 4, "codename": "add_cource"}}, {"model": "auth.permission", "pk": 11, "fields": {"name": "Can change cource", "content_type": 4, "codename": "change_cource"}}, {"model": "auth.permission", "pk": 12, "fields": {"name": "Can delete cource", "content_type": 4, "codename": "delete_cource"}}, {"model": "auth.permission", "pk": 13, "fields": {"name": "Can add department", "content_type": 5, "codename": "add_department"}}, {"model": "auth.permission", "pk": 14, "fields": {"name": "Can change department", "content_type": 5, "codename": "change_department"}}, {"model": "auth.permission", "pk": 15, "fields": {"name": "Can delete department", "content_type": 5, "codename": "delete_department"}}, {"model": "auth.permission", "pk": 16, "fields": {"name": "Can add teacher", "content_type": 6, "codename": "add_teacher"}}, {"model": "auth.permission", "pk": 17, "fields": {"name": "Can change teacher", "content_type": 6, "codename": "change_teacher"}}, {"model": "auth.permission", "pk": 18, "fields": {"name": "Can delete teacher", "content_type": 6, "codename": "delete_teacher"}}, {"model": "auth.permission", "pk": 19, "fields": {"name": "Can add group", "content_type": 7, "codename": "add_group"}}, {"model": "auth.permission", "pk": 20, "fields": {"name": "Can change group", "content_type": 7, "codename": "change_group"}}, {"model": "auth.permission", "pk": 21, "fields": {"name": "Can delete group", "content_type": 7, "codename": "delete_group"}}, {"model": "auth.permission", "pk": 22, "fields": {"name": "Can add log entry", "content_type": 8, "codename": "add_logentry"}}, {"model": "auth.permission", "pk": 23, "fields": {"name": "Can change log entry", "content_type": 8, "codename": "change_logentry"}}, {"model": "auth.permission", "pk": 24, "fields": {"name": "Can delete log entry", "content_type": 8, "codename": "delete_logentry"}}, {"model": "auth.permission", "pk": 25, "fields": {"name": "Can add group", "content_type": 9, "codename": "add_group"}}, {"model": "auth.permission", "pk": 26, "fields": {"name": "Can change group", "content_type": 9, "codename": "change_group"}}, {"model": "auth.permission", "pk": 27, "fields": {"name": "Can delete group", "content_type": 9, "codename": "delete_group"}}, {"model": "auth.permission", "pk": 28, "fields": {"name": "Can add permission", "content_type": 10, "codename": "add_permission"}}, {"model": "auth.permission", "pk": 29, "fields": {"name": "Can change permission", "content_type": 10, "codename": "change_permission"}}, {"model": "auth.permission", "pk": 30, "fields": {"name": "Can delete permission", "content_type": 10, "codename": "delete_permission"}}, {"model": "auth.permission", "pk": 31, "fields": {"name": "Can add user", "content_type": 11, "codename": "add_user"}}, {"model": "auth.permission", "pk": 32, "fields": {"name": "Can change user", "content_type": 11, "codename": "change_user"}}, {"model": "auth.permission", "pk": 33, "fields": {"name": "Can delete user", "content_type": 11, "codename": "delete_user"}}, {"model": "auth.permission", "pk": 34, "fields": {"name": "Can add content type", "content_type": 12, "codename": "add_contenttype"}}, {"model": "auth.permission", "pk": 35, "fields": {"name": "Can change content type", "content_type": 12, "codename": "change_contenttype"}}, {"model": "auth.permission", "pk": 36, "fields": {"name": "Can delete content type", "content_type": 12, "codename": "delete_contenttype"}}, {"model": "auth.permission", "pk": 37, "fields": {"name": "Can add session", "content_type": 13, "codename": "add_session"}}, {"model": "auth.permission", "pk": 38, "fields": {"name": "Can change session", "content_type": 13, "codename": "change_session"}}, {"model": "auth.permission", "pk": 39, "fields": {"name": "Can delete session", "content_type": 13, "codename": "delete_session"}}, {"model": "auth.permission", "pk": 40, "fields": {"name": "Can add registration profile", "content_type": 14, "codename": "add_registrationprofile"}}, {"model": "auth.permission", "pk": 41, "fields": {"name": "Can change registration profile", "content_type": 14, "codename": "change_registrationprofile"}}, {"model": "auth.permission", "pk": 42, "fields": {"name": "Can delete registration profile", "content_type": 14, "codename": "delete_registrationprofile"}}, {"model": "auth.permission", "pk": 43, "fields": {"name": "Can add thumbnail dimensions", "content_type": 15, "codename": "add_thumbnaildimensions"}}, {"model": "auth.permission", "pk": 44, "fields": {"name": "Can change thumbnail dimensions", "content_type": 15, "codename": "change_thumbnaildimensions"}}, {"model": "auth.permission", "pk": 45, "fields": {"name": "Can delete thumbnail dimensions", "content_type": 15, "codename": "delete_thumbnaildimensions"}}, {"model": "auth.permission", "pk": 46, "fields": {"name": "Can add thumbnail", "content_type": 16, "codename": "add_thumbnail"}}, {"model": "auth.permission", "pk": 47, "fields": {"name": "Can change thumbnail", "content_type": 16, "codename": "change_thumbnail"}}, {"model": "auth.permission", "pk": 48, "fields": {"name": "Can delete thumbnail", "content_type": 16, "codename": "delete_thumbnail"}}, {"model": "auth.permission", "pk": 49, "fields": {"name": "Can add source", "content_type": 17, "codename": "add_source"}}, {"model": "auth.permission", "pk": 50, "fields": {"name": "Can change source", "content_type": 17, "codename": "change_source"}}, {"model": "auth.permission", "pk": 51, "fields": {"name": "Can delete source", "content_type": 17, "codename": "delete_source"}}, {"model": "auth.user", "pk": 1, "fields": {"password": "pbkdf2_sha256$36000$WzIluqjNVhBn$BSepRc2j0rImz9+EHezBXpEbcZr7u71VlNzjYKvXW0k=", "last_login": "2018-02-02T18:32:14.202Z", "is_superuser": true, "username": "admin", "first_name": "", "last_name": "", "email": "myemail@gmail.com", "is_staff": true, "is_active": true, "date_joined": "2017-09-15T15:44:59.236Z", "groups": [], "user_permissions": []}}, {"model": "admin.logentry", "pk": 1, "fields": {"action_time": "2017-09-15T15:46:39.258Z", "user": 1, "content_type": 5, "object_id": "1", "object_repr": "\u0423\u041f\u041f", "action_flag": 1, "change_message": "[{\"added\": {}}]"}}, {"model": "admin.logentry", "pk": 2, "fields": {"action_time": "2017-09-15T15:46:49.913Z", "user": 1, "content_type": 4, "object_id": "1", "object_repr": "1", "action_flag": 1, "change_message": "[{\"added\": {}}]"}}, {"model": "admin.logentry", "pk": 3, "fields": {"action_time": "2017-09-15T15:46:51.705Z", "user": 1, "content_type": 4, "object_id": "2", "object_repr": "2", "action_flag": 1, "change_message": "[{\"added\": {}}]"}}, {"model": "admin.logentry", "pk": 4, "fields": {"action_time": "2017-09-15T15:46:53.442Z", "user": 1, "content_type": 4, "object_id": "3", "object_repr": "3", "action_flag": 1, "change_message": "[{\"added\": {}}]"}}, {"model": "admin.logentry", "pk": 5, "fields": {"action_time": "2017-09-15T15:46:55.668Z", "user": 1, "content_type": 4, "object_id": "4", "object_repr": "4", "action_flag": 1, "change_message": "[{\"added\": {}}]"}}, {"model": "admin.logentry", "pk": 6, "fields": {"action_time": "2017-09-15T15:46:57.849Z", "user": 1, "content_type": 4, "object_id": "5", "object_repr": "5", "action_flag": 1, "change_message": "[{\"added\": {}}]"}}, {"model": "admin.logentry", "pk": 7, "fields": {"action_time": "2017-09-15T15:47:07.582Z", "user": 1, "content_type": 5, "object_id": "2", "object_repr": "\u0423\u041f\u041f", "action_flag": 1, "change_message": "[{\"added\": {}}]"}}, {"model": "admin.logentry", "pk": 8, "fields": {"action_time": "2017-09-15T15:47:19.585Z", "user": 1, "content_type": 7, "object_id": "1", "object_repr": "15-3-\u041e\u041f\u0423\u0422", "action_flag": 1, "change_message": "[{\"added\": {}}]"}}, {"model": "admin.logentry", "pk": 9, "fields": {"action_time": "2017-09-15T15:47:28.607Z", "user": 1, "content_type": 7, "object_id": "2", "object_repr": "14-3-\u041e\u041f\u0423\u0422", "action_flag": 1, "change_message": "[{\"added\": {}}]"}}, {"model": "admin.logentry", "pk": 10, "fields": {"action_time": "2017-09-15T15:47:59.849Z", "user": 1, "content_type": 3, "object_id": "1", "object_repr": "\u0422\u0435\u043e\u0440\u0438\u044f \u0432\u0435\u0440\u043e\u044f\u0442\u043d\u043e\u0441\u0442\u0438", "action_flag": 1, "change_message": "[{\"added\": {}}]"}}, {"model": "admin.logentry", "pk": 11, "fields": {"action_time": "2017-09-15T15:48:29.881Z", "user": 1, "content_type": 3, "object_id": "2", "object_repr": "\u041c\u0430\u0442\u0435\u043c\u0430\u0442\u0438\u0447\u0435\u0441\u043a\u0430\u044f \u0441\u0442\u0430\u0442\u0438\u0441\u0442\u0438\u043a\u0430", "action_flag": 1, "change_message": "[{\"added\": {}}]"}}, {"model": "admin.logentry", "pk": 12, "fields": {"action_time": "2017-09-15T15:48:51.495Z", "user": 1, "content_type": 5, "object_id": "2", "object_repr": "\u0423\u041f\u041f", "action_flag": 3, "change_message": ""}}, {"model": "admin.logentry", "pk": 13, "fields": {"action_time": "2017-09-15T15:49:05.256Z", "user": 1, "content_type": 5, "object_id": "3", "object_repr": "\u0410\u0422\u0421", "action_flag": 1, "change_message": "[{\"added\": {}}]"}}, {"model": "admin.logentry", "pk": 14, "fields": {"action_time": "2017-09-15T15:49:36.113Z", "user": 1, "content_type": 6, "object_id": "1", "object_repr": "\u041d\u0430\u0442\u0430\u043b\u0438\u044f \u041f\u0430\u043d\u0447\u0435\u043d\u043a\u043e university.Department.None", "action_flag": 1, "change_message": "[{\"added\": {}}]"}}, {"model": "admin.logentry", "pk": 15, "fields": {"action_time": "2017-09-23T19:49:50.607Z", "user": 1, "content_type": 6, "object_id": "4", "object_repr": "sdfsdfds sdfsdfdsf", "action_flag": 1, "change_message": "[{\"added\": {}}]"}}, {"model": "admin.logentry", "pk": 16, "fields": {"action_time": "2017-11-02T08:57:56.364Z", "user": 1, "content_type": 2, "object_id": "94", "object_repr": "Andrey Klimenko", "action_flag": 1, "change_message": "[{\"added\": {}}]"}}, {"model": "admin.logentry", "pk": 17, "fields": {"action_time": "2017-11-02T09:00:43.720Z", "user": 1, "content_type": 2, "object_id": "95", "object_repr": "\u0410\u043d\u0434\u0440\u0435\u0439 Klimenko", "action_flag": 1, "change_message": "[{\"added\": {}}]"}}, {"model": "admin.logentry", "pk": 18, "fields": {"action_time": "2017-11-02T09:02:49.713Z", "user": 1, "content_type": 2, "object_id": "94", "object_repr": "Andrey Klimenko", "action_flag": 3, "change_message": ""}}, {"model": "admin.logentry", "pk": 19, "fields": {"action_time": "2017-11-02T09:02:56.943Z", "user": 1, "content_type": 2, "object_id": "95", "object_repr": "\u0410\u043d\u0434\u0440\u0435\u0439 Klimenko", "action_flag": 3, "change_message": ""}}, {"model": "admin.logentry", "pk": 20, "fields": {"action_time": "2017-11-02T09:03:17.329Z", "user": 1, "content_type": 2, "object_id": "96", "object_repr": "\u0410\u043d\u0434\u0440\u0435\u0439 Klimenko", "action_flag": 1, "change_message": "[{\"added\": {}}]"}}, {"model": "admin.logentry", "pk": 21, "fields": {"action_time": "2017-11-02T09:04:06.612Z", "user": 1, "content_type": 2, "object_id": "97", "object_repr": "dsafsadfasdfas sadfasdf", "action_flag": 1, "change_message": "[{\"added\": {}}]"}}, {"model": "admin.logentry", "pk": 22, "fields": {"action_time": "2017-11-03T11:47:39.886Z", "user": 1, "content_type": 2, "object_id": "98", "object_repr": "fsadgsagsdfgsd sdfhsdfhsfh", "action_flag": 1, "change_message": "[{\"added\": {}}]"}}, {"model": "admin.logentry", "pk": 23, "fields": {"action_time": "2017-11-06T15:22:12.669Z", "user": 1, "content_type": 2, "object_id": "99", "object_repr": "Pdsgsd sdfgsdgf", "action_flag": 1, "change_message": "[{\"added\": {}}]"}}, {"model": "admin.logentry", "pk": 24, "fields": {"action_time": "2017-11-06T15:28:34.247Z", "user": 1, "content_type": 2, "object_id": "100", "object_repr": "Suuu SSSS", "action_flag": 1, "change_message": "[{\"added\": {}}]"}}, {"model": "admin.logentry", "pk": 25, "fields": {"action_time": "2017-11-06T15:36:40.014Z", "user": 1, "content_type": 2, "object_id": "101", "object_repr": "New Stud", "action_flag": 1, "change_message": "[{\"added\": {}}]"}}, {"model": "admin.logentry", "pk": 26, "fields": {"action_time": "2017-11-06T15:41:11.258Z", "user": 1, "content_type": 2, "object_id": "102", "object_repr": "LALALAL LALAL", "action_flag": 1, "change_message": "[{\"added\": {}}]"}}, {"model": "admin.logentry", "pk": 27, "fields": {"action_time": "2017-11-06T15:42:51.871Z", "user": 1, "content_type": 2, "object_id": "103", "object_repr": "Img slsslls", "action_flag": 1, "change_message": "[{\"added\": {}}]"}}, {"model": "admin.logentry", "pk": 28, "fields": {"action_time": "2017-11-06T15:44:08.152Z", "user": 1, "content_type": 2, "object_id": "104", "object_repr": "Post sssss", "action_flag": 1, "change_message": "[{\"added\": {}}]"}}, {"model": "admin.logentry", "pk": 29, "fields": {"action_time": "2017-11-14T12:58:17.495Z", "user": 1, "content_type": 2, "object_id": "261", "object_repr": "Vova LALAL", "action_flag": 1, "change_message": "[{\"added\": {}}]"}}, {"model": "admin.logentry", "pk": 30, "fields": {"action_time": "2017-11-14T12:59:00.779Z", "user": 1, "content_type": 2, "object_id": "262", "object_repr": "\u0412\u0430\u043b\u0435\u0440\u0430 \u0413\u0443\u0436\u0432\u0430", "action_flag": 1, "change_message": "[{\"added\": {}}]"}}, {"model": "admin.logentry", "pk": 31, "fields": {"action_time": "2017-11-14T13:20:01.946Z", "user": 1, "content_type": 2, "object_id": "282", "object_repr": "\u0410\u043d\u0434\u0440\u0435\u0439 \u041a\u043b\u0438\u043c\u0435\u043d\u043a\u043e", "action_flag": 1, "change_message": "[{\"added\": {}}]"}}, {"model": "admin.logentry", "pk": 32, "fields": {"action_time": "2017-11-14T13:20:26.802Z", "user": 1, "content_type": 2, "object_id": "283", "object_repr": "\u0412\u0430\u043b\u0435\u0440\u0430 \u0413\u0443\u0436\u0432\u0430", "action_flag": 1, "change_message": "[{\"added\": {}}]"}}, {"model": "admin.logentry", "pk": 33, "fields": {"action_time": "2017-11-14T17:21:45.265Z", "user": 1, "content_type": 2, "object_id": "302", "object_repr": "Andrey Klimenko", "action_flag": 1, "change_message": "[{\"added\": {}}]"}}, {"model": "admin.logentry", "pk": 34, "fields": {"action_time": "2017-11-14T17:34:07.982Z", "user": 1, "content_type": 2, "object_id": "303", "object_repr": "Dima Django", "action_flag": 1, "change_message": "[{\"added\": {}}]"}}, {"model": "admin.logentry", "pk": 35, "fields": {"action_time": "2017-11-25T15:22:27.217Z", "user": 1, "content_type": 11, "object_id": "2", "object_repr": "Admin1", "action_flag": 3, "change_message": ""}}, {"model": "admin.logentry", "pk": 36, "fields": {"action_time": "2017-11-25T15:22:27.408Z", "user": 1, "content_type": 11, "object_id": "3", "object_repr": "Admin12", "action_flag": 3, "change_message": ""}}, {"model": "admin.logentry", "pk": 37, "fields": {"action_time": "2017-11-25T15:22:27.487Z", "user": 1, "content_type": 11, "object_id": "4", "object_repr": "Admin122", "action_flag": 3, "change_message": ""}}, {"model": "admin.logentry", "pk": 38, "fields": {"action_time": "2017-11-25T15:22:27.554Z", "user": 1, "content_type": 11, "object_id": "5", "object_repr": "Admin1223", "action_flag": 3, "change_message": ""}}, {"model": "admin.logentry", "pk": 39, "fields": {"action_time": "2017-11-25T15:22:27.587Z", "user": 1, "content_type": 11, "object_id": "6", "object_repr": "Admin12232", "action_flag": 3, "change_message": ""}}, {"model": "admin.logentry", "pk": 40, "fields": {"action_time": "2017-11-25T15:22:27.665Z", "user": 1, "content_type": 11, "object_id": "7", "object_repr": "Admin122322", "action_flag": 3, "change_message": ""}}, {"model": "admin.logentry", "pk": 41, "fields": {"action_time": "2017-12-23T23:25:16.279Z", "user": 1, "content_type": 2, "object_id": "333", "object_repr": "Andrey27 Klimenko", "action_flag": 1, "change_message": "[{\"added\": {}}]"}}, {"model": "admin.logentry", "pk": 42, "fields": {"action_time": "2018-01-19T09:26:40.865Z", "user": 1, "content_type": 2, "object_id": "344", "object_repr": "Ivan allalala", "action_flag": 1, "change_message": "[{\"added\": {}}]"}}, {"model": "admin.logentry", "pk": 43, "fields": {"action_time": "2018-01-22T16:00:05.974Z", "user": 1, "content_type": 6, "object_id": "6", "object_repr": "aaaa asdad", "action_flag": 3, "change_message": ""}}, {"model": "admin.logentry", "pk": 44, "fields": {"action_time": "2018-01-22T16:00:06.064Z", "user": 1, "content_type": 6, "object_id": "2", "object_repr": "qqq wwww", "action_flag": 3, "change_message": ""}}, {"model": "admin.logentry", "pk": 45, "fields": {"action_time": "2018-01-22T16:00:06.108Z", "user": 1, "content_type": 6, "object_id": "5", "object_repr": "qqqqqqq dfhdfhdfh", "action_flag": 3, "change_message": ""}}, {"model": "admin.logentry", "pk": 46, "fields": {"action_time": "2018-01-22T16:00:06.153Z", "user": 1, "content_type": 6, "object_id": "7", "object_repr": "sdfsdf sdsdsd", "action_flag": 3, "change_message": ""}}, {"model": "admin.logentry", "pk": 47, "fields": {"action_time": "2018-01-22T16:00:06.231Z", "user": 1, "content_type": 6, "object_id": "4", "object_repr": "sdfsdfds sdfsdfdsf", "action_flag": 3, "change_message": ""}}, {"model": "admin.logentry", "pk": 48, "fields": {"action_time": "2018-01-22T16:00:06.320Z", "user": 1, "content_type": 6, "object_id": "3", "object_repr": "vchnfgh gfhfghj", "action_flag": 3, "change_message": ""}}, {"model": "admin.logentry", "pk": 49, "fields": {"action_time": "2018-01-22T16:00:56.920Z", "user": 1, "content_type": 6, "object_id": "1", "object_repr": "\u041d\u0430\u0442\u0430\u043b\u0438\u044f \u041f\u0430\u043d\u0447\u0435\u043d\u043a\u043e", "action_flag": 3, "change_message": ""}}, {"model": "admin.logentry", "pk": 50, "fields": {"action_time": "2018-01-22T16:01:40.609Z", "user": 1, "content_type": 11, "object_id": "12", "object_repr": "Andrey23423", "action_flag": 3, "change_message": ""}}, {"model": "admin.logentry", "pk": 51, "fields": {"action_time": "2018-01-22T16:01:40.731Z", "user": 1, "content_type": 11, "object_id": "11", "object_repr": "Andrey234324", "action_flag": 3, "change_message": ""}}, {"model": "admin.logentry", "pk": 52, "fields": {"action_time": "2018-01-22T16:01:40.798Z", "user": 1, "content_type": 11, "object_id": "13", "object_repr": "asdfsad", "action_flag": 3, "change_message": ""}}, {"model": "admin.logentry", "pk": 53, "fields": {"action_time": "2018-01-22T16:01:40.865Z", "user": 1, "content_type": 11, "object_id": "8", "object_repr": "New123", "action_flag": 3, "change_message": ""}}, {"model": "admin.logentry", "pk": 54, "fields": {"action_time": "2018-01-22T16:01:40.932Z", "user": 1, "content_type": 11, "object_id": "9", "object_repr": "New234", "action_flag": 3, "change_message": ""}}, {"model": "admin.logentry", "pk": 55, "fields": {"action_time": "2018-01-22T16:01:47.761Z", "user": 1, "content_type": 11, "object_id": "10", "object_repr": "new222", "action_flag": 3, "change_message": ""}}, {"model": "admin.logentry", "pk": 56, "fields": {"action_time": "2018-01-22T16:03:10.287Z", "user": 1, "content_type": 2, "object_id": "393", "object_repr": "\u0420\u0443\u0441\u043b\u0430\u043d \u041b\u0435\u0432\u0435\u043d\u0446\u043e\u0432", "action_flag": 1, "change_message": "[{\"added\": {}}]"}}, {"model": "admin.logentry", "pk": 57, "fields": {"action_time": "2018-01-22T16:05:12.405Z", "user": 1, "content_type": 2, "object_id": "394", "object_repr": "\u0420\u0443\u0441\u043b\u0430\u043d \u041b\u0435\u0432\u0435\u043d\u0446\u043e\u0432", "action_flag": 1, "change_message": "[{\"added\": {}}]"}}, {"model": "admin.logentry", "pk": 58, "fields": {"action_time": "2018-01-22T16:05:20.678Z", "user": 1, "content_type": 2, "object_id": "394", "object_repr": "\u0420\u0443\u0441\u043b\u0430\u043d \u041b\u0435\u0432\u0435\u043d\u0446\u043e\u0432", "action_flag": 3, "change_message": ""}}, {"model": "admin.logentry", "pk": 59, "fields": {"action_time": "2018-01-22T16:05:35.410Z", "user": 1, "content_type": 5, "object_id": "4", "object_repr": "\u041c\u0435\u0445\u0430\u043d\u0438\u043a\u043e-\u044d\u043d\u0435\u0440\u0433\u0435\u0442\u0438\u0447\u0435\u0441\u043a\u0438\u0439", "action_flag": 1, "change_message": "[{\"added\": {}}]"}}, {"model": "admin.logentry", "pk": 60, "fields": {"action_time": "2018-01-22T16:05:51.742Z", "user": 1, "content_type": 5, "object_id": "4", "object_repr": "\u041c\u0435\u0445\u0430\u043d\u0438\u043a\u043e-\u044d\u043d\u0435\u0440\u0433\u0435\u0442\u0438\u0447\u0435\u0441\u043a\u0438\u0439", "action_flag": 2, "change_message": "[]"}}, {"model": "admin.logentry", "pk": 61, "fields": {"action_time": "2018-01-22T16:06:02.765Z", "user": 1, "content_type": 5, "object_id": "5", "object_repr": "\u0421\u0442\u0440\u043e\u0438\u0442\u0435\u043b\u044c\u043d\u044b\u0439", "action_flag": 1, "change_message": "[{\"added\": {}}]"}}, {"model": "admin.logentry", "pk": 62, "fields": {"action_time": "2018-01-22T16:06:25.437Z", "user": 1, "content_type": 5, "object_id": "6", "object_repr": "\u042d\u043a\u043e\u043d\u043e\u043c\u0438\u0447\u0435\u0441\u043a\u0438\u0439", "action_flag": 1, "change_message": "[{\"added\": {}}]"}}, {"model": "admin.logentry", "pk": 63, "fields": {"action_time": "2018-01-22T16:08:30.835Z", "user": 1, "content_type": 7, "object_id": "3", "object_repr": "13-3-\u041e\u041f\u0423\u0422", "action_flag": 1, "change_message": "[{\"added\": {}}]"}}, {"model": "admin.logentry", "pk": 64, "fields": {"action_time": "2018-01-22T16:08:42.768Z", "user": 1, "content_type": 7, "object_id": "4", "object_repr": "16-3-\u041e\u041f\u0423\u0422", "action_flag": 1, "change_message": "[{\"added\": {}}]"}}, {"model": "admin.logentry", "pk": 65, "fields": {"action_time": "2018-01-22T16:09:19.696Z", "user": 1, "content_type": 7, "object_id": "5", "object_repr": "214\u0423", "action_flag": 1, "change_message": "[{\"added\": {}}]"}}, {"model": "admin.logentry", "pk": 66, "fields": {"action_time": "2018-01-22T16:09:24.787Z", "user": 1, "content_type": 7, "object_id": "6", "object_repr": "135\u0423", "action_flag": 1, "change_message": "[{\"added\": {}}]"}}, {"model": "admin.logentry", "pk": 67, "fields": {"action_time": "2018-01-22T16:09:32.173Z", "user": 1, "content_type": 7, "object_id": "7", "object_repr": "233\u0423", "action_flag": 1, "change_message": "[{\"added\": {}}]"}}, {"model": "admin.logentry", "pk": 68, "fields": {"action_time": "2018-01-22T16:09:41.978Z", "user": 1, "content_type": 7, "object_id": "8", "object_repr": "112\u0423", "action_flag": 1, "change_message": "[{\"added\": {}}]"}}, {"model": "admin.logentry", "pk": 69, "fields": {"action_time": "2018-01-22T16:09:52.893Z", "user": 1, "content_type": 7, "object_id": "9", "object_repr": "213\u0423", "action_flag": 1, "change_message": "[{\"added\": {}}]"}}, {"model": "admin.logentry", "pk": 70, "fields": {"action_time": "2018-01-22T16:10:53.746Z", "user": 1, "content_type": 7, "object_id": "10", "object_repr": "2\u0410", "action_flag": 1, "change_message": "[{\"added\": {}}]"}}, {"model": "admin.logentry", "pk": 71, "fields": {"action_time": "2018-01-22T16:11:02.584Z", "user": 1, "content_type": 7, "object_id": "11", "object_repr": "3\u0410", "action_flag": 1, "change_message": "[{\"added\": {}}]"}}, {"model": "admin.logentry", "pk": 72, "fields": {"action_time": "2018-01-22T16:11:09.895Z", "user": 1, "content_type": 7, "object_id": "12", "object_repr": "4\u0410", "action_flag": 1, "change_message": "[{\"added\": {}}]"}}, {"model": "admin.logentry", "pk": 73, "fields": {"action_time": "2018-01-22T16:11:15.601Z", "user": 1, "content_type": 7, "object_id": "13", "object_repr": "5\u0410", "action_flag": 1, "change_message": "[{\"added\": {}}]"}}, {"model": "admin.logentry", "pk": 74, "fields": {"action_time": "2018-01-22T16:11:24.006Z", "user": 1, "content_type": 7, "object_id": "14", "object_repr": "6\u0410", "action_flag": 1, "change_message": "[{\"added\": {}}]"}}, {"model": "admin.logentry", "pk": 75, "fields": {"action_time": "2018-01-22T16:12:01.468Z", "user": 1, "content_type": 7, "object_id": "15", "object_repr": "11\u041c", "action_flag": 1, "change_message": "[{\"added\": {}}]"}}, {"model": "admin.logentry", "pk": 76, "fields": {"action_time": "2018-01-22T16:12:05.465Z", "user": 1, "content_type": 7, "object_id": "16", "object_repr": "23\u041c", "action_flag": 1, "change_message": "[{\"added\": {}}]"}}, {"model": "admin.logentry", "pk": 77, "fields": {"action_time": "2018-01-22T16:12:11.600Z", "user": 1, "content_type": 7, "object_id": "17", "object_repr": "42\u041c", "action_flag": 1, "change_message": "[{\"added\": {}}]"}}, {"model": "admin.logentry", "pk": 78, "fields": {"action_time": "2018-01-22T16:12:16.537Z", "user": 1, "content_type": 7, "object_id": "18", "object_repr": "21\u041c", "action_flag": 1, "change_message": "[{\"added\": {}}]"}}, {"model": "admin.logentry", "pk": 79, "fields": {"action_time": "2018-01-22T16:12:21.533Z", "user": 1, "content_type": 7, "object_id": "19", "object_repr": "16\u041c", "action_flag": 1, "change_message": "[{\"added\": {}}]"}}, {"model": "admin.logentry", "pk": 80, "fields": {"action_time": "2018-01-22T16:16:15.185Z", "user": 1, "content_type": 2, "object_id": "395", "object_repr": "\u041d\u0438\u043a\u0438\u0442\u0430 \u0414\u0430\u0432\u0438\u0434\u0435\u043d\u043a\u043e", "action_flag": 1, "change_message": "[{\"added\": {}}]"}}, {"model": "admin.logentry", "pk": 81, "fields": {"action_time": "2018-01-22T16:16:56.333Z", "user": 1, "content_type": 2, "object_id": "396", "object_repr": "\u0418\u043d\u043d\u0430 \u041c\u0438\u0449\u0435\u043d\u043a\u043e", "action_flag": 1, "change_message": "[{\"added\": {}}]"}}, {"model": "admin.logentry", "pk": 82, "fields": {"action_time": "2018-01-22T16:17:34.737Z", "user": 1, "content_type": 2, "object_id": "397", "object_repr": "\u041e\u043b\u0435\u0433 \u041f\u0440\u0438\u043b\u0435\u043f\u0430", "action_flag": 1, "change_message": "[{\"added\": {}}]"}}, {"model": "admin.logentry", "pk": 83, "fields": {"action_time": "2018-01-22T16:18:38.587Z", "user": 1, "content_type": 2, "object_id": "398", "object_repr": "\u0422\u0430\u0442\u044c\u044f\u043d\u0430 \u0421\u043e\u043c\u043e\u0432\u0430", "action_flag": 1, "change_message": "[{\"added\": {}}]"}}, {"model": "admin.logentry", "pk": 84, "fields": {"action_time": "2018-01-22T16:19:34.929Z", "user": 1, "content_type": 2, "object_id": "399", "object_repr": "\u041c\u0430\u0440\u0438\u044f \u0418\u0441\u0430\u0447\u0435\u043d\u043a\u043e", "action_flag": 1, "change_message": "[{\"added\": {}}]"}}, {"model": "admin.logentry", "pk": 85, "fields": {"action_time": "2018-01-22T16:20:10.292Z", "user": 1, "content_type": 2, "object_id": "400", "object_repr": "\u0420\u043e\u043c\u0430 \u0420\u0443\u0434\u0435\u043d\u043a\u043e", "action_flag": 1, "change_message": "[{\"added\": {}}]"}}, {"model": "admin.logentry", "pk": 86, "fields": {"action_time": "2018-01-22T16:20:43.315Z", "user": 1, "content_type": 2, "object_id": "401", "object_repr": "\u0412\u0430\u043b\u0435\u0440\u0438\u0439 \u0413\u0443\u0436\u0432\u0430", "action_flag": 1, "change_message": "[{\"added\": {}}]"}}, {"model": "admin.logentry", "pk": 87, "fields": {"action_time": "2018-01-22T16:21:31.752Z", "user": 1, "content_type": 2, "object_id": "402", "object_repr": "\u0412\u0438\u043a \u041d\u0435\u043c\u043e\u0432\u0430", "action_flag": 1, "change_message": "[{\"added\": {}}]"}}, {"model": "admin.logentry", "pk": 88, "fields": {"action_time": "2018-01-22T16:22:20.208Z", "user": 1, "content_type": 2, "object_id": "403", "object_repr": "\u0410\u043b\u0435\u043a\u0441\u0435\u0439 \u041a\u0430\u0440\u043f\u0435\u043d\u043a\u043e", "action_flag": 1, "change_message": "[{\"added\": {}}]"}}, {"model": "admin.logentry", "pk": 89, "fields": {"action_time": "2018-01-22T16:22:52.745Z", "user": 1, "content_type": 2, "object_id": "404", "object_repr": "\u0414\u0438\u043c\u0430 \u0421\u0430\u043c\u043e\u0439\u043b\u0435\u043d\u043a\u043e", "action_flag": 1, "change_message": "[{\"added\": {}}]"}}, {"model": "admin.logentry", "pk": 90, "fields": {"action_time": "2018-01-22T16:24:36.150Z", "user": 1, "content_type": 2, "object_id": "405", "object_repr": "\u0412\u043b\u0430\u0434 \u041e\u0440\u0435\u0445\u043e\u0432\u0441\u043a\u0438\u0439", "action_flag": 1, "change_message": "[{\"added\": {}}]"}}, {"model": "admin.logentry", "pk": 91, "fields": {"action_time": "2018-01-22T16:25:29.187Z", "user": 1, "content_type": 2, "object_id": "406", "object_repr": "\u0415\u043a\u0430\u0442\u0438\u0440\u0438\u043d\u0430 \u0421\u0430\u0431\u0438\u043d\u0430", "action_flag": 1, "change_message": "[{\"added\": {}}]"}}, {"model": "admin.logentry", "pk": 92, "fields": {"action_time": "2018-01-22T16:26:02.834Z", "user": 1, "content_type": 2, "object_id": "407", "object_repr": "\u042e\u043b\u0438\u044f \u0414\u0440\u0430\u0433\u0430\u043d", "action_flag": 1, "change_message": "[{\"added\": {}}]"}}, {"model": "admin.logentry", "pk": 93, "fields": {"action_time": "2018-01-22T16:26:30.291Z", "user": 1, "content_type": 2, "object_id": "408", "object_repr": "\u041a\u0440\u0438\u0441\u0442\u0438\u043d\u0430 \u041f\u043e\u043f\u043e\u0432\u0438\u0447", "action_flag": 1, "change_message": "[{\"added\": {}}]"}}, {"model": "admin.logentry", "pk": 94, "fields": {"action_time": "2018-01-22T16:27:01.381Z", "user": 1, "content_type": 2, "object_id": "409", "object_repr": "\u0420\u0443\u0441\u043b\u0430\u0435 \u0412\u0430\u043b\u0435\u0435\u0432", "action_flag": 1, "change_message": "[{\"added\": {}}]"}}, {"model": "admin.logentry", "pk": 95, "fields": {"action_time": "2018-01-22T16:27:40.242Z", "user": 1, "content_type": 2, "object_id": "410", "object_repr": "\u0410\u043d\u0436\u0435\u043b\u0438\u043a\u0430 \u041e\u0441\u0430\u0434\u0447\u0443\u043a", "action_flag": 1, "change_message": "[{\"added\": {}}]"}}, {"model": "admin.logentry", "pk": 96, "fields": {"action_time": "2018-01-22T16:28:23.026Z", "user": 1, "content_type": 2, "object_id": "411", "object_repr": "\u0418\u0433\u043e\u0440\u044c \u0413\u0440\u0438\u0449\u0435\u043d\u043a\u043e", "action_flag": 1, "change_message": "[{\"added\": {}}]"}}, {"model": "admin.logentry", "pk": 97, "fields": {"action_time": "2018-01-22T16:29:56.119Z", "user": 1, "content_type": 2, "object_id": "412", "object_repr": "\u0410\u0440\u0442\u0443\u0440 \u041a\u0440\u0430\u0441\u043d\u0438\u043a\u043e\u0432", "action_flag": 1, "change_message": "[{\"added\": {}}]"}}, {"model": "admin.logentry", "pk": 98, "fields": {"action_time": "2018-01-22T16:31:03.391Z", "user": 1, "content_type": 2, "object_id": "413", "object_repr": "\u0412\u0438\u043a\u0443\u0442\u043e\u0440 \u0416\u0435\u0436\u0435\u0440", "action_flag": 1, "change_message": "[{\"added\": {}}]"}}, {"model": "admin.logentry", "pk": 99, "fields": {"action_time": "2018-01-22T16:31:33.192Z", "user": 1, "content_type": 2, "object_id": "414", "object_repr": "\u0412\u043b\u0430\u0434 \u0423\u0441\u0430\u0447\u0451\u0432", "action_flag": 1, "change_message": "[{\"added\": {}}]"}}, {"model": "admin.logentry", "pk": 100, "fields": {"action_time": "2018-01-22T16:32:14.125Z", "user": 1, "content_type": 2, "object_id": "415", "object_repr": "\u0414\u0430\u0448\u0430 \u0424\u0451\u0434\u043e\u0440\u043e\u0432\u0430", "action_flag": 1, "change_message": "[{\"added\": {}}]"}}, {"model": "admin.logentry", "pk": 101, "fields": {"action_time": "2018-01-22T16:33:00.719Z", "user": 1, "content_type": 2, "object_id": "416", "object_repr": "\u0418\u0440\u0438\u043d\u0430 \u041b\u0430\u0433\u0443\u0442\u0430", "action_flag": 1, "change_message": "[{\"added\": {}}]"}}, {"model": "admin.logentry", "pk": 102, "fields": {"action_time": "2018-01-22T16:34:24.140Z", "user": 1, "content_type": 2, "object_id": "417", "object_repr": "\u041a\u043e\u043d\u0441\u0442\u0430\u043d\u0442\u0438\u043d \u041a\u043e\u0442\u043e\u0432", "action_flag": 1, "change_message": "[{\"added\": {}}]"}}, {"model": "admin.logentry", "pk": 103, "fields": {"action_time": "2018-01-22T16:34:53.202Z", "user": 1, "content_type": 2, "object_id": "418", "object_repr": "\u041a\u0440\u0438\u0441\u0442\u0438\u043d\u0430 \u0420\u043e\u043c\u0430\u043d\u0435\u043d\u043a\u043e", "action_flag": 1, "change_message": "[{\"added\": {}}]"}}, {"model": "admin.logentry", "pk": 104, "fields": {"action_time": "2018-01-22T16:35:27.772Z", "user": 1, "content_type": 2, "object_id": "419", "object_repr": "\u041e\u043b\u0435\u0433 \u0421\u0435\u043c\u044b\u043a\u0430", "action_flag": 1, "change_message": "[{\"added\": {}}]"}}, {"model": "admin.logentry", "pk": 105, "fields": {"action_time": "2018-01-22T16:36:13.790Z", "user": 1, "content_type": 2, "object_id": "420", "object_repr": "\u0421\u0435\u0440\u0433\u0435\u0439 \u041a\u043e\u0440\u0437\u0443\u043d", "action_flag": 1, "change_message": "[{\"added\": {}}]"}}, {"model": "admin.logentry", "pk": 106, "fields": {"action_time": "2018-01-22T16:36:51.726Z", "user": 1, "content_type": 2, "object_id": "421", "object_repr": "\u0421\u043b\u0430\u0432\u0438\u043a \u0412\u043e\u0440\u043e\u043d\u0430", "action_flag": 1, "change_message": "[{\"added\": {}}]"}}, {"model": "admin.logentry", "pk": 107, "fields": {"action_time": "2018-01-22T16:37:23.828Z", "user": 1, "content_type": 2, "object_id": "422", "object_repr": "\u0421\u0442\u0430\u0441 \u0414\u0430\u0432\u044b\u0434\u043e\u0432", "action_flag": 1, "change_message": "[{\"added\": {}}]"}}, {"model": "admin.logentry", "pk": 108, "fields": {"action_time": "2018-01-22T16:38:00.385Z", "user": 1, "content_type": 2, "object_id": "423", "object_repr": "\u0421\u0435\u0440\u0433\u0435\u0439 \u0412\u0435\u043b\u0438\u0447\u043a\u043e", "action_flag": 1, "change_message": "[{\"added\": {}}]"}}, {"model": "admin.logentry", "pk": 109, "fields": {"action_time": "2018-01-22T16:38:47.188Z", "user": 1, "content_type": 2, "object_id": "424", "object_repr": "\u0421\u0435\u0440\u0433\u0435\u0439 \u0428\u0435\u0432\u0447\u0435\u043d\u043a\u043e", "action_flag": 1, "change_message": "[{\"added\": {}}]"}}, {"model": "admin.logentry", "pk": 110, "fields": {"action_time": "2018-01-22T17:29:26.583Z", "user": 1, "content_type": 3, "object_id": "3", "object_repr": "\u0412\u0430\u043d\u0442\u0430\u0436\u043d\u044b\u0435 \u043f\u0435\u0440\u0435\u0432\u043e\u0437\u043a\u0438", "action_flag": 1, "change_message": "[{\"added\": {}}]"}}, {"model": "admin.logentry", "pk": 111, "fields": {"action_time": "2018-01-22T17:29:41.931Z", "user": 1, "content_type": 3, "object_id": "4", "object_repr": "\u041b\u043e\u0433\u0438\u0441\u0442\u0438\u043a\u0430", "action_flag": 1, "change_message": "[{\"added\": {}}]"}}, {"model": "admin.logentry", "pk": 112, "fields": {"action_time": "2018-01-22T17:30:48.929Z", "user": 1, "content_type": 3, "object_id": "5", "object_repr": "\u0421\u0442\u0430\u043d\u0446\u0438\u0438 \u0438 \u0443\u0437\u043b\u044b", "action_flag": 1, "change_message": "[{\"added\": {}}]"}}, {"model": "admin.logentry", "pk": 113, "fields": {"action_time": "2018-01-22T17:32:14.918Z", "user": 1, "content_type": 3, "object_id": "6", "object_repr": "\u041e\u0441\u043d\u043e\u0432\u044b \u0442\u0440\u0430\u043d\u0441\u043f\u043e\u0440\u0442\u043d\u044b\u0445 \u0441\u0438\u0441\u0442\u0435\u043c", "action_flag": 1, "change_message": "[{\"added\": {}}]"}}, {"model": "admin.logentry", "pk": 114, "fields": {"action_time": "2018-01-22T17:37:57.487Z", "user": 1, "content_type": 3, "object_id": "7", "object_repr": "\u0423\u0415\u0420", "action_flag": 1, "change_message": "[{\"added\": {}}]"}}, {"model": "admin.logentry", "pk": 115, "fields": {"action_time": "2018-01-22T17:38:31.691Z", "user": 1, "content_type": 3, "object_id": "8", "object_repr": "\u0412\u044b\u0441\u0448\u0430\u044f \u043c\u0430\u0442\u0435\u043c\u0430\u0442\u0438\u043a\u0430", "action_flag": 1, "change_message": "[{\"added\": {}}]"}}, {"model": "admin.logentry", "pk": 116, "fields": {"action_time": "2018-01-22T17:38:40.393Z", "user": 1, "content_type": 3, "object_id": "9", "object_repr": "\u0410\u0422\u0417", "action_flag": 1, "change_message": "[{\"added\": {}}]"}}, {"model": "admin.logentry", "pk": 117, "fields": {"action_time": "2018-01-22T17:39:06.867Z", "user": 1, "content_type": 3, "object_id": "10", "object_repr": "\u042d\u043a\u043e\u043d\u043e\u043c\u0438\u043a\u0430 \u0442\u0440\u0430\u043d\u0441\u043f\u043e\u0440\u0442\u043d\u044b\u0445 \u0441\u0438\u0441\u0442\u0435\u043c", "action_flag": 1, "change_message": "[{\"added\": {}}]"}}, {"model": "admin.logentry", "pk": 118, "fields": {"action_time": "2018-01-22T17:40:16.887Z", "user": 1, "content_type": 3, "object_id": "11", "object_repr": "\u0413\u0435\u043e\u0434\u0435\u0437\u0438\u044f", "action_flag": 1, "change_message": "[{\"added\": {}}]"}}, {"model": "admin.logentry", "pk": 119, "fields": {"action_time": "2018-01-22T17:41:30.280Z", "user": 1, "content_type": 6, "object_id": "8", "object_repr": "\u041d\u0430\u0442\u0430\u043b\u0438\u044f \u041f\u0430\u043d\u0447\u0435\u043d\u043a\u043e", "action_flag": 1, "change_message": "[{\"added\": {}}]"}}, {"model": "admin.logentry", "pk": 120, "fields": {"action_time": "2018-01-22T17:43:20.057Z", "user": 1, "content_type": 6, "object_id": "9", "object_repr": "\u0410\u043b\u0435\u043a\u0441\u0430\u043d\u0434\u0440 \u041b\u0430\u0437\u0430\u0440\u0435\u0432", "action_flag": 1, "change_message": "[{\"added\": {}}]"}}, {"model": "admin.logentry", "pk": 121, "fields": {"action_time": "2018-01-22T17:45:57.186Z", "user": 1, "content_type": 6, "object_id": "10", "object_repr": "\u0428\u0430\u043d\u0434\u0435\u0440 \u041e\u043b\u0435\u0433", "action_flag": 1, "change_message": "[{\"added\": {}}]"}}, {"model": "admin.logentry", "pk": 122, "fields": {"action_time": "2018-01-22T17:47:15.790Z", "user": 1, "content_type": 6, "object_id": "11", "object_repr": "\u0410\u043b\u0435\u043a\u0441\u0430\u043d\u0434\u0440 \u041a\u043e\u043d\u0441\u0442\u0430\u043d\u0442\u0438\u043d\u043e\u0432", "action_flag": 1, "change_message": "[{\"added\": {}}]"}}, {"model": "admin.logentry", "pk": 123, "fields": {"action_time": "2018-01-22T17:47:58.115Z", "user": 1, "content_type": 6, "object_id": "10", "object_repr": "\u0428\u0430\u043d\u0434\u0435\u0440 \u041e\u043b\u0435\u0433", "action_flag": 3, "change_message": ""}}, {"model": "admin.logentry", "pk": 124, "fields": {"action_time": "2018-01-22T17:48:25.595Z", "user": 1, "content_type": 6, "object_id": "12", "object_repr": "\u041e\u043b\u0435\u0433 \u0428\u0430\u043d\u0434\u0435\u0440", "action_flag": 1, "change_message": "[{\"added\": {}}]"}}, {"model": "admin.logentry", "pk": 125, "fields": {"action_time": "2018-01-22T17:50:47.086Z", "user": 1, "content_type": 6, "object_id": "13", "object_repr": "\u0421\u0432\u0435\u0442\u043b\u0430\u043d\u0430 \u0411\u0430\u043d\u0442\u044e\u043a\u043e\u0432\u0430", "action_flag": 1, "change_message": "[{\"added\": {}}]"}}, {"model": "admin.logentry", "pk": 126, "fields": {"action_time": "2018-01-22T18:27:38.529Z", "user": 1, "content_type": 6, "object_id": "14", "object_repr": "\u042f\u0440\u043e\u0441\u043b\u0430\u0432 \u0417\u0438\u043d\u043e\u0432\u044c\u0435\u0432", "action_flag": 1, "change_message": "[{\"added\": {}}]"}}, {"model": "admin.logentry", "pk": 127, "fields": {"action_time": "2018-01-22T18:28:44.307Z", "user": 1, "content_type": 6, "object_id": "15", "object_repr": "\u0420\u0443\u0441\u043b\u0430\u043d \u041a\u043b\u043e\u043b\u043e\u0431\u043e\u0432", "action_flag": 1, "change_message": "[{\"added\": {}}]"}}, {"model": "admin.logentry", "pk": 128, "fields": {"action_time": "2018-01-22T18:29:35.703Z", "user": 1, "content_type": 6, "object_id": "16", "object_repr": "\u041c\u0438\u0445\u0430\u0438\u043b \u0411\u0435\u043b\u044f\u043a\u043e\u0432", "action_flag": 1, "change_message": "[{\"added\": {}}]"}}, {"model": "admin.logentry", "pk": 129, "fields": {"action_time": "2018-01-22T18:30:53.895Z", "user": 1, "content_type": 6, "object_id": "17", "object_repr": "\u0412\u0438\u0442\u0430\u043b\u0438\u0439 \u0412\u0438\u0448\u043d\u044f\u043a\u043e\u0432", "action_flag": 1, "change_message": "[{\"added\": {}}]"}}, {"model": "admin.logentry", "pk": 130, "fields": {"action_time": "2018-01-22T18:32:13.427Z", "user": 1, "content_type": 6, "object_id": "18", "object_repr": "\u0410\u043b\u0435\u043a\u0441\u0430\u043d\u0434\u0440 \u041c\u0430\u0440\u043a\u043e\u0432", "action_flag": 1, "change_message": "[{\"added\": {}}]"}}, {"model": "admin.logentry", "pk": 131, "fields": {"action_time": "2018-01-22T18:33:22.986Z", "user": 1, "content_type": 6, "object_id": "19", "object_repr": "\u0410\u043b\u0435\u043a\u0441\u0435\u0439 \u0418\u0441\u0430\u0435\u0432", "action_flag": 1, "change_message": "[{\"added\": {}}]"}}, {"model": "admin.logentry", "pk": 132, "fields": {"action_time": "2018-01-22T18:34:44.251Z", "user": 1, "content_type": 6, "object_id": "20", "object_repr": "\u0410\u043d\u0434\u0440\u0435\u0439 \u0423\u0441\u0442\u0438\u0432\u043e\u0432", "action_flag": 1, "change_message": "[{\"added\": {}}]"}}, {"model": "admin.logentry", "pk": 133, "fields": {"action_time": "2018-01-22T18:35:24.555Z", "user": 1, "content_type": 6, "object_id": "21", "object_repr": "\u0421\u0442\u0430\u043d\u0438\u0441\u043b\u0430\u0432 \u041a\u0440\u0430\u0441\u0438\u043b\u044c\u043d\u0438\u043a\u043e\u0432", "action_flag": 1, "change_message": "[{\"added\": {}}]"}}, {"model": "admin.logentry", "pk": 134, "fields": {"action_time": "2018-01-22T18:36:24.362Z", "user": 1, "content_type": 6, "object_id": "22", "object_repr": "\u041d\u0438\u043a\u043e\u043b\u0430\u0439 \u041a\u043e\u0432\u0430\u043b\u0451\u0432", "action_flag": 1, "change_message": "[{\"added\": {}}]"}}, {"model": "admin.logentry", "pk": 135, "fields": {"action_time": "2018-01-22T18:37:30.484Z", "user": 1, "content_type": 6, "object_id": "23", "object_repr": "\u0412\u043b\u0430\u0434\u0438\u043c\u0438\u0440 \u0428\u0430\u0440\u0430\u0442\u043e\u0432", "action_flag": 1, "change_message": "[{\"added\": {}}]"}}, {"model": "admin.logentry", "pk": 136, "fields": {"action_time": "2018-01-22T18:38:20.341Z", "user": 1, "content_type": 6, "object_id": "24", "object_repr": "\u0415\u0432\u0433\u0435\u043d\u0438\u0439 \u0424\u0438\u043b\u0430\u0442\u043e\u0432", "action_flag": 1, "change_message": "[{\"added\": {}}]"}}, {"model": "admin.logentry", "pk": 137, "fields": {"action_time": "2018-01-22T18:39:40.202Z", "user": 1, "content_type": 6, "object_id": "25", "object_repr": "\u0410\u043d\u0442\u043e\u043d \u0413\u0443\u0449\u0438\u043d", "action_flag": 1, "change_message": "[{\"added\": {}}]"}}, {"model": "admin.logentry", "pk": 138, "fields": {"action_time": "2018-01-22T18:41:40.178Z", "user": 1, "content_type": 6, "object_id": "26", "object_repr": "\u041a\u0438\u0440\u0438\u043b\u043b \u041a\u0440\u0430\u0441\u0438\u043b\u044c\u043d\u0438\u043a\u043e\u0432", "action_flag": 1, "change_message": "[{\"added\": {}}]"}}, {"model": "admin.logentry", "pk": 139, "fields": {"action_time": "2018-01-22T18:42:32.663Z", "user": 1, "content_type": 6, "object_id": "27", "object_repr": "\u0412\u0430\u043b\u0435\u0440\u0438\u0439 \u0421\u0430\u0444\u043e\u043d\u043e\u0432", "action_flag": 1, "change_message": "[{\"added\": {}}]"}}, {"model": "admin.logentry", "pk": 140, "fields": {"action_time": "2018-01-22T18:44:01.118Z", "user": 1, "content_type": 6, "object_id": "28", "object_repr": "\u0421\u0435\u043c\u0451\u043d \u0423\u0441\u0442\u0438\u043d\u043e\u0432", "action_flag": 1, "change_message": "[{\"added\": {}}]"}}, {"model": "admin.logentry", "pk": 141, "fields": {"action_time": "2018-01-22T18:45:29.403Z", "user": 1, "content_type": 6, "object_id": "29", "object_repr": "\u0410\u043b\u0435\u043a\u0441\u0430\u043d\u0434\u0440 \u0428\u0430\u0440\u043e\u0432", "action_flag": 1, "change_message": "[{\"added\": {}}]"}}, {"model": "admin.logentry", "pk": 142, "fields": {"action_time": "2018-01-22T18:46:35.152Z", "user": 1, "content_type": 3, "object_id": "12", "object_repr": "\u041e\u0422\u0422\u0421", "action_flag": 1, "change_message": "[{\"added\": {}}]"}}, {"model": "admin.logentry", "pk": 143, "fields": {"action_time": "2018-01-22T18:46:53.139Z", "user": 1, "content_type": 3, "object_id": "13", "object_repr": "\u042d\u043a\u043e\u043d\u043e\u043c\u0438\u0447\u0435\u0441\u043a\u0430\u044f \u0442\u0435\u043e\u0440\u0438\u044f", "action_flag": 1, "change_message": "[{\"added\": {}}]"}}, {"model": "admin.logentry", "pk": 144, "fields": {"action_time": "2018-01-22T18:47:08.836Z", "user": 1, "content_type": 3, "object_id": "14", "object_repr": "\u041e\u0445\u0440\u0430\u043d\u0430 \u0442\u0440\u0443\u0434\u0430", "action_flag": 1, "change_message": "[{\"added\": {}}]"}}, {"model": "admin.logentry", "pk": 145, "fields": {"action_time": "2018-01-22T18:47:31.862Z", "user": 1, "content_type": 3, "object_id": "15", "object_repr": "\u0410\u043d\u0433\u043b\u0438\u0439\u0441\u043a\u0438", "action_flag": 1, "change_message": "[{\"added\": {}}]"}}, {"model": "admin.logentry", "pk": 146, "fields": {"action_time": "2018-01-22T18:47:56.760Z", "user": 1, "content_type": 3, "object_id": "15", "object_repr": "\u0410\u043d\u0433\u043b\u0438\u0439\u0441\u043a\u0438\u0439 \u044f\u0437\u044b\u043a", "action_flag": 2, "change_message": "[{\"changed\": {\"fields\": [\"matter\"]}}]"}}, {"model": "admin.logentry", "pk": 147, "fields": {"action_time": "2018-01-22T18:48:31.870Z", "user": 1, "content_type": 3, "object_id": "16", "object_repr": "\u041d\u0430\u0447\u0435\u0440\u0442\u0430\u0442\u0435\u043b\u044c\u043d\u0430\u044f  \u0433\u0435\u043e\u043c\u0435\u0442\u0440\u0438\u044f", "action_flag": 1, "change_message": "[{\"added\": {}}]"}}, {"model": "admin.logentry", "pk": 148, "fields": {"action_time": "2018-01-22T18:49:04.219Z", "user": 1, "content_type": 1, "object_id": "1", "object_repr": "65", "action_flag": 1, "change_message": "[{\"added\": {}}]"}}, {"model": "admin.logentry", "pk": 149, "fields": {"action_time": "2018-01-22T18:49:24.678Z", "user": 1, "content_type": 1, "object_id": "2", "object_repr": "78", "action_flag": 1, "change_message": "[{\"added\": {}}]"}}, {"model": "admin.logentry", "pk": 150, "fields": {"action_time": "2018-01-22T18:49:48.964Z", "user": 1, "content_type": 1, "object_id": "3", "object_repr": "72", "action_flag": 1, "change_message": "[{\"added\": {}}]"}}, {"model": "admin.logentry", "pk": 151, "fields": {"action_time": "2018-01-22T18:50:11.806Z", "user": 1, "content_type": 1, "object_id": "4", "object_repr": "68", "action_flag": 1, "change_message": "[{\"added\": {}}]"}}, {"model": "admin.logentry", "pk": 152, "fields": {"action_time": "2018-01-22T18:51:26.873Z", "user": 1, "content_type": 1, "object_id": "5", "object_repr": "75", "action_flag": 1, "change_message": "[{\"added\": {}}]"}}, {"model": "admin.logentry", "pk": 153, "fields": {"action_time": "2018-01-22T18:51:48.463Z", "user": 1, "content_type": 1, "object_id": "6", "object_repr": "64", "action_flag": 1, "change_message": "[{\"added\": {}}]"}}, {"model": "admin.logentry", "pk": 154, "fields": {"action_time": "2018-01-22T18:52:05.762Z", "user": 1, "content_type": 1, "object_id": "7", "object_repr": "78", "action_flag": 1, "change_message": "[{\"added\": {}}]"}}, {"model": "admin.logentry", "pk": 155, "fields": {"action_time": "2018-01-22T18:52:22.791Z", "user": 1, "content_type": 1, "object_id": "8", "object_repr": "75", "action_flag": 1, "change_message": "[{\"added\": {}}]"}}, {"model": "admin.logentry", "pk": 156, "fields": {"action_time": "2018-01-22T18:52:41.896Z", "user": 1, "content_type": 1, "object_id": "9", "object_repr": "84", "action_flag": 1, "change_message": "[{\"added\": {}}]"}}, {"model": "admin.logentry", "pk": 157, "fields": {"action_time": "2018-01-22T18:53:04.718Z", "user": 1, "content_type": 1, "object_id": "10", "object_repr": "65", "action_flag": 1, "change_message": "[{\"added\": {}}]"}}, {"model": "admin.logentry", "pk": 158, "fields": {"action_time": "2018-01-22T18:53:54.604Z", "user": 1, "content_type": 1, "object_id": "7", "object_repr": "78", "action_flag": 2, "change_message": "[{\"changed\": {\"fields\": [\"subject\"]}}]"}}, {"model": "admin.logentry", "pk": 159, "fields": {"action_time": "2018-01-22T18:54:11.004Z", "user": 1, "content_type": 1, "object_id": "11", "object_repr": "64", "action_flag": 1, "change_message": "[{\"added\": {}}]"}}, {"model": "admin.logentry", "pk": 160, "fields": {"action_time": "2018-01-22T18:54:33.378Z", "user": 1, "content_type": 1, "object_id": "12", "object_repr": "65", "action_flag": 1, "change_message": "[{\"added\": {}}]"}}, {"model": "admin.logentry", "pk": 161, "fields": {"action_time": "2018-01-22T18:54:49.663Z", "user": 1, "content_type": 1, "object_id": "13", "object_repr": "65", "action_flag": 1, "change_message": "[{\"added\": {}}]"}}, {"model": "admin.logentry", "pk": 162, "fields": {"action_time": "2018-01-22T18:55:06.996Z", "user": 1, "content_type": 1, "object_id": "14", "object_repr": "62", "action_flag": 1, "change_message": "[{\"added\": {}}]"}}, {"model": "admin.logentry", "pk": 163, "fields": {"action_time": "2018-01-22T18:55:48.945Z", "user": 1, "content_type": 1, "object_id": "15", "object_repr": "71", "action_flag": 1, "change_message": "[{\"added\": {}}]"}}, {"model": "admin.logentry", "pk": 164, "fields": {"action_time": "2018-01-22T18:56:10.732Z", "user": 1, "content_type": 1, "object_id": "16", "object_repr": "76", "action_flag": 1, "change_message": "[{\"added\": {}}]"}}, {"model": "admin.logentry", "pk": 165, "fields": {"action_time": "2018-01-22T18:56:27.829Z", "user": 1, "content_type": 1, "object_id": "17", "object_repr": "75", "action_flag": 1, "change_message": "[{\"added\": {}}]"}}, {"model": "admin.logentry", "pk": 166, "fields": {"action_time": "2018-01-22T18:56:42.645Z", "user": 1, "content_type": 1, "object_id": "18", "object_repr": "76", "action_flag": 1, "change_message": "[{\"added\": {}}]"}}, {"model": "admin.logentry", "pk": 167, "fields": {"action_time": "2018-01-22T18:57:27.610Z", "user": 1, "content_type": 1, "object_id": "19", "object_repr": "84", "action_flag": 1, "change_message": "[{\"added\": {}}]"}}, {"model": "admin.logentry", "pk": 168, "fields": {"action_time": "2018-01-22T18:57:48.146Z", "user": 1, "content_type": 1, "object_id": "20", "object_repr": "81", "action_flag": 1, "change_message": "[{\"added\": {}}]"}}, {"model": "admin.logentry", "pk": 169, "fields": {"action_time": "2018-01-23T08:52:59.365Z", "user": 1, "content_type": 1, "object_id": "21", "object_repr": "65", "action_flag": 1, "change_message": "[{\"added\": {}}]"}}, {"model": "admin.logentry", "pk": 170, "fields": {"action_time": "2018-01-23T08:53:13.224Z", "user": 1, "content_type": 1, "object_id": "22", "object_repr": "62", "action_flag": 1, "change_message": "[{\"added\": {}}]"}}, {"model": "admin.logentry", "pk": 171, "fields": {"action_time": "2018-01-23T08:53:28.943Z", "user": 1, "content_type": 1, "object_id": "23", "object_repr": "71", "action_flag": 1, "change_message": "[{\"added\": {}}]"}}, {"model": "admin.logentry", "pk": 172, "fields": {"action_time": "2018-01-23T08:53:49.068Z", "user": 1, "content_type": 1, "object_id": "24", "object_repr": "74", "action_flag": 1, "change_message": "[{\"added\": {}}]"}}, {"model": "admin.logentry", "pk": 173, "fields": {"action_time": "2018-01-23T08:54:18.305Z", "user": 1, "content_type": 1, "object_id": "25", "object_repr": "62", "action_flag": 1, "change_message": "[{\"added\": {}}]"}}, {"model": "admin.logentry", "pk": 174, "fields": {"action_time": "2018-01-23T08:54:32.685Z", "user": 1, "content_type": 1, "object_id": "26", "object_repr": "75", "action_flag": 1, "change_message": "[{\"added\": {}}]"}}, {"model": "admin.logentry", "pk": 175, "fields": {"action_time": "2018-01-23T08:54:47.966Z", "user": 1, "content_type": 1, "object_id": "27", "object_repr": "72", "action_flag": 1, "change_message": "[{\"added\": {}}]"}}, {"model": "admin.logentry", "pk": 176, "fields": {"action_time": "2018-01-23T08:55:00.904Z", "user": 1, "content_type": 1, "object_id": "28", "object_repr": "78", "action_flag": 1, "change_message": "[{\"added\": {}}]"}}, {"model": "admin.logentry", "pk": 177, "fields": {"action_time": "2018-01-23T08:55:25.592Z", "user": 1, "content_type": 1, "object_id": "29", "object_repr": "77", "action_flag": 1, "change_message": "[{\"added\": {}}]"}}, {"model": "admin.logentry", "pk": 178, "fields": {"action_time": "2018-01-23T08:55:56.389Z", "user": 1, "content_type": 1, "object_id": "30", "object_repr": "87", "action_flag": 1, "change_message": "[{\"added\": {}}]"}}, {"model": "admin.logentry", "pk": 179, "fields": {"action_time": "2018-01-23T08:56:16.469Z", "user": 1, "content_type": 1, "object_id": "31", "object_repr": "76", "action_flag": 1, "change_message": "[{\"added\": {}}]"}}, {"model": "admin.logentry", "pk": 180, "fields": {"action_time": "2018-01-23T08:56:30.064Z", "user": 1, "content_type": 1, "object_id": "32", "object_repr": "81", "action_flag": 1, "change_message": "[{\"added\": {}}]"}}, {"model": "admin.logentry", "pk": 181, "fields": {"action_time": "2018-01-23T08:56:50.608Z", "user": 1, "content_type": 1, "object_id": "33", "object_repr": "84", "action_flag": 1, "change_message": "[{\"added\": {}}]"}}, {"model": "admin.logentry", "pk": 182, "fields": {"action_time": "2018-01-23T08:57:08.510Z", "user": 1, "content_type": 1, "object_id": "34", "object_repr": "79", "action_flag": 1, "change_message": "[{\"added\": {}}]"}}, {"model": "admin.logentry", "pk": 183, "fields": {"action_time": "2018-01-23T08:57:46.660Z", "user": 1, "content_type": 1, "object_id": "35", "object_repr": "86", "action_flag": 1, "change_message": "[{\"added\": {}}]"}}, {"model": "admin.logentry", "pk": 184, "fields": {"action_time": "2018-01-23T08:58:06.006Z", "user": 1, "content_type": 1, "object_id": "36", "object_repr": "70", "action_flag": 1, "change_message": "[{\"added\": {}}]"}}, {"model": "admin.logentry", "pk": 185, "fields": {"action_time": "2018-01-23T08:58:22.996Z", "user": 1, "content_type": 1, "object_id": "37", "object_repr": "66", "action_flag": 1, "change_message": "[{\"added\": {}}]"}}, {"model": "admin.logentry", "pk": 186, "fields": {"action_time": "2018-01-23T08:58:39.901Z", "user": 1, "content_type": 1, "object_id": "38", "object_repr": "69", "action_flag": 1, "change_message": "[{\"added\": {}}]"}}, {"model": "admin.logentry", "pk": 187, "fields": {"action_time": "2018-01-23T08:58:58.992Z", "user": 1, "content_type": 1, "object_id": "39", "object_repr": "67", "action_flag": 1, "change_message": "[{\"added\": {}}]"}}, {"model": "admin.logentry", "pk": 188, "fields": {"action_time": "2018-01-23T08:59:43.104Z", "user": 1, "content_type": 1, "object_id": "40", "object_repr": "63", "action_flag": 1, "change_message": "[{\"added\": {}}]"}}, {"model": "admin.logentry", "pk": 189, "fields": {"action_time": "2018-01-23T09:00:02.199Z", "user": 1, "content_type": 1, "object_id": "41", "object_repr": "79", "action_flag": 1, "change_message": "[{\"added\": {}}]"}}, {"model": "admin.logentry", "pk": 190, "fields": {"action_time": "2018-01-23T09:00:20.984Z", "user": 1, "content_type": 1, "object_id": "42", "object_repr": "78", "action_flag": 1, "change_message": "[{\"added\": {}}]"}}, {"model": "admin.logentry", "pk": 191, "fields": {"action_time": "2018-01-23T09:00:42.743Z", "user": 1, "content_type": 1, "object_id": "43", "object_repr": "78", "action_flag": 1, "change_message": "[{\"added\": {}}]"}}, {"model": "admin.logentry", "pk": 192, "fields": {"action_time": "2018-01-23T09:01:00.091Z", "user": 1, "content_type": 1, "object_id": "44", "object_repr": "83", "action_flag": 1, "change_message": "[{\"added\": {}}]"}}, {"model": "admin.logentry", "pk": 193, "fields": {"action_time": "2018-01-23T09:01:29.072Z", "user": 1, "content_type": 1, "object_id": "45", "object_repr": "85", "action_flag": 1, "change_message": "[{\"added\": {}}]"}}, {"model": "admin.logentry", "pk": 194, "fields": {"action_time": "2018-01-23T09:01:47.496Z", "user": 1, "content_type": 1, "object_id": "46", "object_repr": "87", "action_flag": 1, "change_message": "[{\"added\": {}}]"}}, {"model": "admin.logentry", "pk": 195, "fields": {"action_time": "2018-01-23T09:02:03.354Z", "user": 1, "content_type": 1, "object_id": "47", "object_repr": "91", "action_flag": 1, "change_message": "[{\"added\": {}}]"}}, {"model": "admin.logentry", "pk": 196, "fields": {"action_time": "2018-01-23T09:02:25.167Z", "user": 1, "content_type": 1, "object_id": "48", "object_repr": "89", "action_flag": 1, "change_message": "[{\"added\": {}}]"}}, {"model": "admin.logentry", "pk": 197, "fields": {"action_time": "2018-01-23T09:02:51.381Z", "user": 1, "content_type": 1, "object_id": "49", "object_repr": "83", "action_flag": 1, "change_message": "[{\"added\": {}}]"}}, {"model": "admin.logentry", "pk": 198, "fields": {"action_time": "2018-01-23T09:03:21.729Z", "user": 1, "content_type": 1, "object_id": "50", "object_repr": "84", "action_flag": 1, "change_message": "[{\"added\": {}}]"}}, {"model": "admin.logentry", "pk": 199, "fields": {"action_time": "2018-01-23T09:03:36.599Z", "user": 1, "content_type": 1, "object_id": "51", "object_repr": "72", "action_flag": 1, "change_message": "[{\"added\": {}}]"}}, {"model": "admin.logentry", "pk": 200, "fields": {"action_time": "2018-01-23T09:03:55.157Z", "user": 1, "content_type": 1, "object_id": "52", "object_repr": "76", "action_flag": 1, "change_message": "[{\"added\": {}}]"}}, {"model": "admin.logentry", "pk": 201, "fields": {"action_time": "2018-01-23T09:04:10.425Z", "user": 1, "content_type": 1, "object_id": "53", "object_repr": "69", "action_flag": 1, "change_message": "[{\"added\": {}}]"}}, {"model": "admin.logentry", "pk": 202, "fields": {"action_time": "2018-01-23T09:04:28.610Z", "user": 1, "content_type": 1, "object_id": "54", "object_repr": "68", "action_flag": 1, "change_message": "[{\"added\": {}}]"}}, {"model": "admin.logentry", "pk": 203, "fields": {"action_time": "2018-01-23T09:04:54.908Z", "user": 1, "content_type": 1, "object_id": "55", "object_repr": "65", "action_flag": 1, "change_message": "[{\"added\": {}}]"}}, {"model": "admin.logentry", "pk": 204, "fields": {"action_time": "2018-01-23T09:05:10.110Z", "user": 1, "content_type": 1, "object_id": "56", "object_repr": "68", "action_flag": 1, "change_message": "[{\"added\": {}}]"}}, {"model": "admin.logentry", "pk": 205, "fields": {"action_time": "2018-01-23T09:05:23.734Z", "user": 1, "content_type": 1, "object_id": "57", "object_repr": "75", "action_flag": 1, "change_message": "[{\"added\": {}}]"}}, {"model": "admin.logentry", "pk": 206, "fields": {"action_time": "2018-01-23T09:05:40.536Z", "user": 1, "content_type": 1, "object_id": "58", "object_repr": "75", "action_flag": 1, "change_message": "[{\"added\": {}}]"}}, {"model": "admin.logentry", "pk": 207, "fields": {"action_time": "2018-01-23T09:06:13.415Z", "user": 1, "content_type": 1, "object_id": "59", "object_repr": "67", "action_flag": 1, "change_message": "[{\"added\": {}}]"}}, {"model": "admin.logentry", "pk": 208, "fields": {"action_time": "2018-01-23T09:06:29.584Z", "user": 1, "content_type": 1, "object_id": "60", "object_repr": "87", "action_flag": 1, "change_message": "[{\"added\": {}}]"}}, {"model": "admin.logentry", "pk": 209, "fields": {"action_time": "2018-01-23T09:06:46.564Z", "user": 1, "content_type": 1, "object_id": "61", "object_repr": "83", "action_flag": 1, "change_message": "[{\"added\": {}}]"}}, {"model": "admin.logentry", "pk": 210, "fields": {"action_time": "2018-01-23T09:07:04.805Z", "user": 1, "content_type": 1, "object_id": "62", "object_repr": "92", "action_flag": 1, "change_message": "[{\"added\": {}}]"}}, {"model": "admin.logentry", "pk": 211, "fields": {"action_time": "2018-01-23T09:07:24.308Z", "user": 1, "content_type": 1, "object_id": "63", "object_repr": "91", "action_flag": 1, "change_message": "[{\"added\": {}}]"}}, {"model": "admin.logentry", "pk": 212, "fields": {"action_time": "2018-01-23T09:09:07.963Z", "user": 1, "content_type": 1, "object_id": "64", "object_repr": "87", "action_flag": 1, "change_message": "[{\"added\": {}}]"}}, {"model": "admin.logentry", "pk": 213, "fields": {"action_time": "2018-01-23T09:09:27.487Z", "user": 1, "content_type": 1, "object_id": "65", "object_repr": "74", "action_flag": 1, "change_message": "[{\"added\": {}}]"}}, {"model": "admin.logentry", "pk": 214, "fields": {"action_time": "2018-01-23T09:09:38.122Z", "user": 1, "content_type": 1, "object_id": "66", "object_repr": "65", "action_flag": 1, "change_message": "[{\"added\": {}}]"}}, {"model": "admin.logentry", "pk": 215, "fields": {"action_time": "2018-01-23T09:09:51.560Z", "user": 1, "content_type": 1, "object_id": "67", "object_repr": "76", "action_flag": 1, "change_message": "[{\"added\": {}}]"}}, {"model": "admin.logentry", "pk": 216, "fields": {"action_time": "2018-01-23T09:10:03.791Z", "user": 1, "content_type": 1, "object_id": "68", "object_repr": "62", "action_flag": 1, "change_message": "[{\"added\": {}}]"}}, {"model": "admin.logentry", "pk": 217, "fields": {"action_time": "2018-01-23T09:10:16.910Z", "user": 1, "content_type": 1, "object_id": "69", "object_repr": "64", "action_flag": 1, "change_message": "[{\"added\": {}}]"}}, {"model": "admin.logentry", "pk": 218, "fields": {"action_time": "2018-01-23T09:10:32.376Z", "user": 1, "content_type": 1, "object_id": "70", "object_repr": "72", "action_flag": 1, "change_message": "[{\"added\": {}}]"}}, {"model": "admin.logentry", "pk": 219, "fields": {"action_time": "2018-01-23T09:10:45.887Z", "user": 1, "content_type": 1, "object_id": "71", "object_repr": "75", "action_flag": 1, "change_message": "[{\"added\": {}}]"}}, {"model": "admin.logentry", "pk": 220, "fields": {"action_time": "2018-01-23T09:11:04.169Z", "user": 1, "content_type": 1, "object_id": "72", "object_repr": "75", "action_flag": 1, "change_message": "[{\"added\": {}}]"}}, {"model": "admin.logentry", "pk": 221, "fields": {"action_time": "2018-01-23T09:11:19.970Z", "user": 1, "content_type": 1, "object_id": "73", "object_repr": "73", "action_flag": 1, "change_message": "[{\"added\": {}}]"}}, {"model": "admin.logentry", "pk": 222, "fields": {"action_time": "2018-01-23T09:12:40.400Z", "user": 1, "content_type": 1, "object_id": "74", "object_repr": "65", "action_flag": 1, "change_message": "[{\"added\": {}}]"}}, {"model": "admin.logentry", "pk": 223, "fields": {"action_time": "2018-01-23T09:13:02.534Z", "user": 1, "content_type": 1, "object_id": "75", "object_repr": "91", "action_flag": 1, "change_message": "[{\"added\": {}}]"}}, {"model": "admin.logentry", "pk": 224, "fields": {"action_time": "2018-01-23T09:13:16.900Z", "user": 1, "content_type": 1, "object_id": "76", "object_repr": "86", "action_flag": 1, "change_message": "[{\"added\": {}}]"}}, {"model": "admin.logentry", "pk": 225, "fields": {"action_time": "2018-01-23T09:13:37.610Z", "user": 1, "content_type": 1, "object_id": "77", "object_repr": "85", "action_flag": 1, "change_message": "[{\"added\": {}}]"}}, {"model": "admin.logentry", "pk": 226, "fields": {"action_time": "2018-01-23T09:13:54.710Z", "user": 1, "content_type": 1, "object_id": "78", "object_repr": "95", "action_flag": 1, "change_message": "[{\"added\": {}}]"}}, {"model": "admin.logentry", "pk": 227, "fields": {"action_time": "2018-01-23T09:14:09.767Z", "user": 1, "content_type": 1, "object_id": "79", "object_repr": "91", "action_flag": 1, "change_message": "[{\"added\": {}}]"}}, {"model": "admin.logentry", "pk": 228, "fields": {"action_time": "2018-01-23T09:14:24.459Z", "user": 1, "content_type": 1, "object_id": "80", "object_repr": "63", "action_flag": 1, "change_message": "[{\"added\": {}}]"}}, {"model": "admin.logentry", "pk": 229, "fields": {"action_time": "2018-01-23T09:14:36.938Z", "user": 1, "content_type": 1, "object_id": "81", "object_repr": "65", "action_flag": 1, "change_message": "[{\"added\": {}}]"}}, {"model": "admin.logentry", "pk": 230, "fields": {"action_time": "2018-01-23T09:14:51.977Z", "user": 1, "content_type": 1, "object_id": "82", "object_repr": "67", "action_flag": 1, "change_message": "[{\"added\": {}}]"}}, {"model": "admin.logentry", "pk": 231, "fields": {"action_time": "2018-01-23T09:15:13.108Z", "user": 1, "content_type": 1, "object_id": "83", "object_repr": "69", "action_flag": 1, "change_message": "[{\"added\": {}}]"}}, {"model": "admin.logentry", "pk": 232, "fields": {"action_time": "2018-01-23T09:15:28.765Z", "user": 1, "content_type": 1, "object_id": "84", "object_repr": "73", "action_flag": 1, "change_message": "[{\"added\": {}}]"}}, {"model": "admin.logentry", "pk": 233, "fields": {"action_time": "2018-01-23T09:15:45.558Z", "user": 1, "content_type": 1, "object_id": "85", "object_repr": "72", "action_flag": 1, "change_message": "[{\"added\": {}}]"}}, {"model": "admin.logentry", "pk": 234, "fields": {"action_time": "2018-01-23T09:15:57.053Z", "user": 1, "content_type": 1, "object_id": "86", "object_repr": "75", "action_flag": 1, "change_message": "[{\"added\": {}}]"}}, {"model": "admin.logentry", "pk": 235, "fields": {"action_time": "2018-01-23T09:16:07.672Z", "user": 1, "content_type": 1, "object_id": "87", "object_repr": "73", "action_flag": 1, "change_message": "[{\"added\": {}}]"}}, {"model": "admin.logentry", "pk": 236, "fields": {"action_time": "2018-01-23T09:16:20.583Z", "user": 1, "content_type": 1, "object_id": "88", "object_repr": "74", "action_flag": 1, "change_message": "[{\"added\": {}}]"}}, {"model": "admin.logentry", "pk": 237, "fields": {"action_time": "2018-01-23T09:16:34.859Z", "user": 1, "content_type": 1, "object_id": "89", "object_repr": "85", "action_flag": 1, "change_message": "[{\"added\": {}}]"}}, {"model": "admin.logentry", "pk": 238, "fields": {"action_time": "2018-01-23T09:17:20.718Z", "user": 1, "content_type": 1, "object_id": "90", "object_repr": "76", "action_flag": 1, "change_message": "[{\"added\": {}}]"}}, {"model": "admin.logentry", "pk": 239, "fields": {"action_time": "2018-01-23T09:17:37.622Z", "user": 1, "content_type": 1, "object_id": "91", "object_repr": "64", "action_flag": 1, "change_message": "[{\"added\": {}}]"}}, {"model": "admin.logentry", "pk": 240, "fields": {"action_time": "2018-01-23T09:18:08.235Z", "user": 1, "content_type": 1, "object_id": "92", "object_repr": "67", "action_flag": 1, "change_message": "[{\"added\": {}}]"}}, {"model": "admin.logentry", "pk": 241, "fields": {"action_time": "2018-01-23T09:18:24.292Z", "user": 1, "content_type": 1, "object_id": "93", "object_repr": "65", "action_flag": 1, "change_message": "[{\"added\": {}}]"}}, {"model": "admin.logentry", "pk": 242, "fields": {"action_time": "2018-01-23T09:18:44.357Z", "user": 1, "content_type": 1, "object_id": "94", "object_repr": "73", "action_flag": 1, "change_message": "[{\"added\": {}}]"}}, {"model": "admin.logentry", "pk": 243, "fields": {"action_time": "2018-01-23T14:22:53.337Z", "user": 1, "content_type": 1, "object_id": "95", "object_repr": "65", "action_flag": 1, "change_message": "[{\"added\": {}}]"}}, {"model": "admin.logentry", "pk": 244, "fields": {"action_time": "2018-01-23T14:23:20.593Z", "user": 1, "content_type": 1, "object_id": "96", "object_repr": "65", "action_flag": 1, "change_message": "[{\"added\": {}}]"}}, {"model": "admin.logentry", "pk": 245, "fields": {"action_time": "2018-01-23T14:24:15.603Z", "user": 1, "content_type": 1, "object_id": "97", "object_repr": "69", "action_flag": 1, "change_message": "[{\"added\": {}}]"}}, {"model": "admin.logentry", "pk": 246, "fields": {"action_time": "2018-01-23T14:24:30.807Z", "user": 1, "content_type": 1, "object_id": "98", "object_repr": "73", "action_flag": 1, "change_message": "[{\"added\": {}}]"}}, {"model": "admin.logentry", "pk": 247, "fields": {"action_time": "2018-01-23T14:24:59.844Z", "user": 1, "content_type": 1, "object_id": "99", "object_repr": "74", "action_flag": 1, "change_message": "[{\"added\": {}}]"}}, {"model": "admin.logentry", "pk": 248, "fields": {"action_time": "2018-01-23T14:25:18.517Z", "user": 1, "content_type": 1, "object_id": "100", "object_repr": "68", "action_flag": 1, "change_message": "[{\"added\": {}}]"}}, {"model": "admin.logentry", "pk": 249, "fields": {"action_time": "2018-01-23T14:25:34.665Z", "user": 1, "content_type": 1, "object_id": "101", "object_repr": "64", "action_flag": 1, "change_message": "[{\"added\": {}}]"}}, {"model": "admin.logentry", "pk": 250, "fields": {"action_time": "2018-01-23T14:25:56.511Z", "user": 1, "content_type": 1, "object_id": "102", "object_repr": "71", "action_flag": 1, "change_message": "[{\"added\": {}}]"}}, {"model": "admin.logentry", "pk": 251, "fields": {"action_time": "2018-01-23T14:27:23.195Z", "user": 1, "content_type": 1, "object_id": "103", "object_repr": "65", "action_flag": 1, "change_message": "[{\"added\": {}}]"}}, {"model": "admin.logentry", "pk": 252, "fields": {"action_time": "2018-01-23T14:27:40.388Z", "user": 1, "content_type": 1, "object_id": "104", "object_repr": "68", "action_flag": 1, "change_message": "[{\"added\": {}}]"}}, {"model": "admin.logentry", "pk": 253, "fields": {"action_time": "2018-01-23T14:27:58.465Z", "user": 1, "content_type": 1, "object_id": "105", "object_repr": "85", "action_flag": 1, "change_message": "[{\"added\": {}}]"}}, {"model": "admin.logentry", "pk": 254, "fields": {"action_time": "2018-01-23T14:28:14.694Z", "user": 1, "content_type": 1, "object_id": "106", "object_repr": "87", "action_flag": 1, "change_message": "[{\"added\": {}}]"}}, {"model": "admin.logentry", "pk": 255, "fields": {"action_time": "2018-01-23T14:28:33.429Z", "user": 1, "content_type": 1, "object_id": "107", "object_repr": "89", "action_flag": 1, "change_message": "[{\"added\": {}}]"}}, {"model": "admin.logentry", "pk": 256, "fields": {"action_time": "2018-01-23T14:28:52.337Z", "user": 1, "content_type": 1, "object_id": "108", "object_repr": "81", "action_flag": 1, "change_message": "[{\"added\": {}}]"}}, {"model": "admin.logentry", "pk": 257, "fields": {"action_time": "2018-01-23T14:29:23.786Z", "user": 1, "content_type": 1, "object_id": "109", "object_repr": "83", "action_flag": 1, "change_message": "[{\"added\": {}}]"}}, {"model": "admin.logentry", "pk": 258, "fields": {"action_time": "2018-01-23T14:29:39.031Z", "user": 1, "content_type": 1, "object_id": "110", "object_repr": "78", "action_flag": 1, "change_message": "[{\"added\": {}}]"}}, {"model": "admin.logentry", "pk": 259, "fields": {"action_time": "2018-01-23T14:30:17.914Z", "user": 1, "content_type": 1, "object_id": "111", "object_repr": "76", "action_flag": 1, "change_message": "[{\"added\": {}}]"}}, {"model": "admin.logentry", "pk": 260, "fields": {"action_time": "2018-01-23T14:30:41.713Z", "user": 1, "content_type": 1, "object_id": "112", "object_repr": "69", "action_flag": 1, "change_message": "[{\"added\": {}}]"}}, {"model": "admin.logentry", "pk": 261, "fields": {"action_time": "2018-01-23T14:30:56.701Z", "user": 1, "content_type": 1, "object_id": "113", "object_repr": "73", "action_flag": 1, "change_message": "[{\"added\": {}}]"}}, {"model": "admin.logentry", "pk": 262, "fields": {"action_time": "2018-01-23T14:31:22.166Z", "user": 1, "content_type": 1, "object_id": "114", "object_repr": "78", "action_flag": 1, "change_message": "[{\"added\": {}}]"}}, {"model": "admin.logentry", "pk": 263, "fields": {"action_time": "2018-01-23T14:31:56.624Z", "user": 1, "content_type": 1, "object_id": "115", "object_repr": "76", "action_flag": 1, "change_message": "[{\"added\": {}}]"}}, {"model": "admin.logentry", "pk": 264, "fields": {"action_time": "2018-01-23T14:32:14.621Z", "user": 1, "content_type": 1, "object_id": "116", "object_repr": "65", "action_flag": 1, "change_message": "[{\"added\": {}}]"}}, {"model": "admin.logentry", "pk": 265, "fields": {"action_time": "2018-01-23T14:32:31.724Z", "user": 1, "content_type": 1, "object_id": "117", "object_repr": "63", "action_flag": 1, "change_message": "[{\"added\": {}}]"}}, {"model": "admin.logentry", "pk": 266, "fields": {"action_time": "2018-01-23T14:32:44.711Z", "user": 1, "content_type": 1, "object_id": "118", "object_repr": "69", "action_flag": 1, "change_message": "[{\"added\": {}}]"}}, {"model": "admin.logentry", "pk": 267, "fields": {"action_time": "2018-01-23T14:32:58.001Z", "user": 1, "content_type": 1, "object_id": "119", "object_repr": "72", "action_flag": 1, "change_message": "[{\"added\": {}}]"}}, {"model": "admin.logentry", "pk": 268, "fields": {"action_time": "2018-01-23T14:33:13.070Z", "user": 1, "content_type": 1, "object_id": "120", "object_repr": "68", "action_flag": 1, "change_message": "[{\"added\": {}}]"}}, {"model": "admin.logentry", "pk": 269, "fields": {"action_time": "2018-01-23T14:33:44.650Z", "user": 1, "content_type": 1, "object_id": "121", "object_repr": "72", "action_flag": 1, "change_message": "[{\"added\": {}}]"}}, {"model": "admin.logentry", "pk": 270, "fields": {"action_time": "2018-01-23T14:34:00.127Z", "user": 1, "content_type": 1, "object_id": "122", "object_repr": "76", "action_flag": 1, "change_message": "[{\"added\": {}}]"}}, {"model": "admin.logentry", "pk": 271, "fields": {"action_time": "2018-01-23T14:34:15.924Z", "user": 1, "content_type": 1, "object_id": "123", "object_repr": "78", "action_flag": 1, "change_message": "[{\"added\": {}}]"}}, {"model": "admin.logentry", "pk": 272, "fields": {"action_time": "2018-01-23T14:34:32.632Z", "user": 1, "content_type": 1, "object_id": "124", "object_repr": "83", "action_flag": 1, "change_message": "[{\"added\": {}}]"}}, {"model": "admin.logentry", "pk": 273, "fields": {"action_time": "2018-01-23T14:34:58.114Z", "user": 1, "content_type": 1, "object_id": "125", "object_repr": "72", "action_flag": 1, "change_message": "[{\"added\": {}}]"}}, {"model": "admin.logentry", "pk": 274, "fields": {"action_time": "2018-01-23T14:35:13.043Z", "user": 1, "content_type": 1, "object_id": "126", "object_repr": "65", "action_flag": 1, "change_message": "[{\"added\": {}}]"}}, {"model": "admin.logentry", "pk": 275, "fields": {"action_time": "2018-01-23T14:35:29.028Z", "user": 1, "content_type": 1, "object_id": "127", "object_repr": "78", "action_flag": 1, "change_message": "[{\"added\": {}}]"}}, {"model": "admin.logentry", "pk": 276, "fields": {"action_time": "2018-01-23T14:35:47.624Z", "user": 1, "content_type": 1, "object_id": "128", "object_repr": "72", "action_flag": 1, "change_message": "[{\"added\": {}}]"}}, {"model": "admin.logentry", "pk": 277, "fields": {"action_time": "2018-01-23T14:36:08.276Z", "user": 1, "content_type": 1, "object_id": "129", "object_repr": "71", "action_flag": 1, "change_message": "[{\"added\": {}}]"}}, {"model": "admin.logentry", "pk": 278, "fields": {"action_time": "2018-01-23T14:36:23.449Z", "user": 1, "content_type": 1, "object_id": "130", "object_repr": "67", "action_flag": 1, "change_message": "[{\"added\": {}}]"}}, {"model": "admin.logentry", "pk": 279, "fields": {"action_time": "2018-01-23T14:36:56.310Z", "user": 1, "content_type": 1, "object_id": "131", "object_repr": "73", "action_flag": 1, "change_message": "[{\"added\": {}}]"}}, {"model": "admin.logentry", "pk": 280, "fields": {"action_time": "2018-01-23T14:37:09.644Z", "user": 1, "content_type": 1, "object_id": "132", "object_repr": "64", "action_flag": 1, "change_message": "[{\"added\": {}}]"}}, {"model": "admin.logentry", "pk": 281, "fields": {"action_time": "2018-01-23T14:37:21.452Z", "user": 1, "content_type": 1, "object_id": "133", "object_repr": "67", "action_flag": 1, "change_message": "[{\"added\": {}}]"}}, {"model": "admin.logentry", "pk": 282, "fields": {"action_time": "2018-01-23T14:37:35.873Z", "user": 1, "content_type": 1, "object_id": "134", "object_repr": "68", "action_flag": 1, "change_message": "[{\"added\": {}}]"}}, {"model": "admin.logentry", "pk": 283, "fields": {"action_time": "2018-01-23T14:37:50.865Z", "user": 1, "content_type": 1, "object_id": "135", "object_repr": "68", "action_flag": 1, "change_message": "[{\"added\": {}}]"}}, {"model": "admin.logentry", "pk": 284, "fields": {"action_time": "2018-01-23T14:38:26.487Z", "user": 1, "content_type": 1, "object_id": "136", "object_repr": "72", "action_flag": 1, "change_message": "[{\"added\": {}}]"}}, {"model": "admin.logentry", "pk": 285, "fields": {"action_time": "2018-01-23T14:38:40.858Z", "user": 1, "content_type": 1, "object_id": "137", "object_repr": "68", "action_flag": 1, "change_message": "[{\"added\": {}}]"}}, {"model": "admin.logentry", "pk": 286, "fields": {"action_time": "2018-01-23T14:38:53.926Z", "user": 1, "content_type": 1, "object_id": "138", "object_repr": "75", "action_flag": 1, "change_message": "[{\"added\": {}}]"}}, {"model": "admin.logentry", "pk": 287, "fields": {"action_time": "2018-01-23T14:39:08.420Z", "user": 1, "content_type": 1, "object_id": "139", "object_repr": "68", "action_flag": 1, "change_message": "[{\"added\": {}}]"}}, {"model": "admin.logentry", "pk": 288, "fields": {"action_time": "2018-01-23T14:39:32.471Z", "user": 1, "content_type": 1, "object_id": "140", "object_repr": "68", "action_flag": 1, "change_message": "[{\"added\": {}}]"}}, {"model": "admin.logentry", "pk": 289, "fields": {"action_time": "2018-01-23T14:39:55.205Z", "user": 1, "content_type": 1, "object_id": "141", "object_repr": "73", "action_flag": 1, "change_message": "[{\"added\": {}}]"}}, {"model": "admin.logentry", "pk": 290, "fields": {"action_time": "2018-01-23T14:40:08.280Z", "user": 1, "content_type": 1, "object_id": "142", "object_repr": "71", "action_flag": 1, "change_message": "[{\"added\": {}}]"}}, {"model": "admin.logentry", "pk": 291, "fields": {"action_time": "2018-01-23T14:40:26.153Z", "user": 1, "content_type": 1, "object_id": "143", "object_repr": "79", "action_flag": 1, "change_message": "[{\"added\": {}}]"}}, {"model": "admin.logentry", "pk": 292, "fields": {"action_time": "2018-01-23T14:40:54.876Z", "user": 1, "content_type": 1, "object_id": "144", "object_repr": "81", "action_flag": 1, "change_message": "[{\"added\": {}}]"}}, {"model": "admin.logentry", "pk": 293, "fields": {"action_time": "2018-01-23T14:41:08.811Z", "user": 1, "content_type": 1, "object_id": "145", "object_repr": "74", "action_flag": 1, "change_message": "[{\"added\": {}}]"}}]